2026-05-29 17:35:43,602 [INFO] backend.main: CORS origins: ['http://localhost:3000', 'http://127.0.0.1:3000']
INFO:     Started server process [7096]
INFO:     Waiting for application startup.
2026-05-29 17:35:43,663 [INFO] backend.main: PoE2 Flipper backend starting up...
2026-05-29 17:35:43,669 [INFO] backend.main: League: vaal, Realm: poe2, Base currency: exalted
2026-05-29 17:35:43,685 [INFO] backend.main: HistoricalStore initialized
2026-05-29 17:35:43,685 [INFO] backend.main: Loaded 0 persisted events from SQLite
2026-05-29 17:35:43,730 [INFO] apscheduler.scheduler: Adding job tentatively -- it will be properly scheduled when the scheduler starts
2026-05-29 17:35:43,731 [INFO] apscheduler.scheduler: Adding job tentatively -- it will be properly scheduled when the scheduler starts
2026-05-29 17:35:43,731 [INFO] apscheduler.scheduler: Adding job tentatively -- it will be properly scheduled when the scheduler starts
2026-05-29 17:35:43,731 [INFO] apscheduler.scheduler: Adding job tentatively -- it will be properly scheduled when the scheduler starts
2026-05-29 17:35:43,732 [INFO] apscheduler.scheduler: Added job "Collect price snapshots" to job store "default"
2026-05-29 17:35:43,732 [INFO] apscheduler.scheduler: Added job "Collect gold\u2192chaos rate" to job store "default"
2026-05-29 17:35:43,732 [INFO] apscheduler.scheduler: Added job "Prune expired events" to job store "default"
2026-05-29 17:35:43,732 [INFO] apscheduler.scheduler: Added job "Persist LightGBM models" to job store "default"
2026-05-29 17:35:43,732 [INFO] apscheduler.scheduler: Scheduler started
2026-05-29 17:35:43,732 [INFO] backend.scheduler: Scheduler: started with 4 jobs (price=30m, gold=30m, prune=15m, model=30m)
2026-05-29 17:35:45,355 [INFO] httpx: HTTP Request: GET https://api.poe2scout.com/api/poe2/Leagues/vaal/SnapshotPairs "HTTP/1.1 200 OK"
INFO:     Application startup complete.
INFO:     Uvicorn running on http://0.0.0.0:8000 (Press CTRL+C to quit)
INFO:     127.0.0.1:59489 - "GET /api/health HTTP/1.1" 200 OK
INFO:     127.0.0.1:51388 - "GET /api/phase HTTP/1.1" 200 OK
INFO:     127.0.0.1:51388 - "GET /api/events?active_only=true HTTP/1.1" 200 OK
INFO:     127.0.0.1:51388 - "GET /api/phase HTTP/1.1" 200 OK
2026-05-29 17:36:44,348 [INFO] httpx: HTTP Request: GET https://api.poe2scout.com/api/poe2/Leagues/vaal/SnapshotPairs "HTTP/1.1 200 OK"
2026-05-29 17:36:45,300 [INFO] httpx: HTTP Request: GET https://api.poe2scout.com/api/poe2/Leagues/vaal/Items/Categories "HTTP/1.1 200 OK"
2026-05-29 17:36:46,232 [INFO] httpx: HTTP Request: GET https://api.poe2scout.com/api/poe2/Leagues/vaal/Currencies/ByCategory?Category=currency&Page=1&PerPage=250 "HTTP/1.1 200 OK"
2026-05-29 17:36:47,229 [INFO] httpx: HTTP Request: GET https://api.poe2scout.com/api/poe2/Leagues/vaal/Currencies/ByCategory?Category=fragments&Page=1&PerPage=250 "HTTP/1.1 200 OK"
2026-05-29 17:36:48,248 [INFO] httpx: HTTP Request: GET https://api.poe2scout.com/api/poe2/Leagues/vaal/Currencies/ByCategory?Category=runes&Page=1&PerPage=250 "HTTP/1.1 200 OK"
2026-05-29 17:36:49,253 [INFO] httpx: HTTP Request: GET https://api.poe2scout.com/api/poe2/Leagues/vaal/Currencies/ByCategory?Category=essences&Page=1&PerPage=250 "HTTP/1.1 200 OK"
2026-05-29 17:36:50,263 [INFO] httpx: HTTP Request: GET https://api.poe2scout.com/api/poe2/Leagues/vaal/Currencies/ByCategory?Category=ultimatum&Page=1&PerPage=250 "HTTP/1.1 200 OK"
2026-05-29 17:36:51,279 [INFO] httpx: HTTP Request: GET https://api.poe2scout.com/api/poe2/Leagues/vaal/Currencies/ByCategory?Category=expedition&Page=1&PerPage=250 "HTTP/1.1 200 OK"
2026-05-29 17:36:52,283 [INFO] httpx: HTTP Request: GET https://api.poe2scout.com/api/poe2/Leagues/vaal/Currencies/ByCategory?Category=ritual&Page=1&PerPage=250 "HTTP/1.1 200 OK"
2026-05-29 17:36:53,278 [INFO] httpx: HTTP Request: GET https://api.poe2scout.com/api/poe2/Leagues/vaal/Currencies/ByCategory?Category=vaultkeys&Page=1&PerPage=250 "HTTP/1.1 200 OK"
INFO:     127.0.0.1:51153 - "GET /api/health HTTP/1.1" 200 OK
INFO:     127.0.0.1:51153 - "GET /api/phase HTTP/1.1" 200 OK
INFO:     127.0.0.1:51153 - "GET /api/events?active_only=true HTTP/1.1" 200 OK
2026-05-29 17:36:54,289 [INFO] httpx: HTTP Request: GET https://api.poe2scout.com/api/poe2/Leagues/vaal/Currencies/ByCategory?Category=breach&Page=1&PerPage=250 "HTTP/1.1 200 OK"
INFO:     127.0.0.1:51153 - "GET /api/phase HTTP/1.1" 200 OK
2026-05-29 17:36:55,288 [INFO] httpx: HTTP Request: GET https://api.poe2scout.com/api/poe2/Leagues/vaal/Currencies/ByCategory?Category=abyss&Page=1&PerPage=250 "HTTP/1.1 200 OK"
2026-05-29 17:36:56,303 [INFO] httpx: HTTP Request: GET https://api.poe2scout.com/api/poe2/Leagues/vaal/Currencies/ByCategory?Category=uncutgems&Page=1&PerPage=250 "HTTP/1.1 200 OK"
2026-05-29 17:36:57,329 [INFO] httpx: HTTP Request: GET https://api.poe2scout.com/api/poe2/Leagues/vaal/Currencies/ByCategory?Category=lineagesupportgems&Page=1&PerPage=250 "HTTP/1.1 200 OK"
2026-05-29 17:36:58,331 [INFO] httpx: HTTP Request: GET https://api.poe2scout.com/api/poe2/Leagues/vaal/Currencies/ByCategory?Category=delirium&Page=1&PerPage=250 "HTTP/1.1 200 OK"
2026-05-29 17:36:59,334 [INFO] httpx: HTTP Request: GET https://api.poe2scout.com/api/poe2/Leagues/vaal/Currencies/ByCategory?Category=incursion&Page=1&PerPage=250 "HTTP/1.1 200 OK"
2026-05-29 17:37:00,343 [INFO] httpx: HTTP Request: GET https://api.poe2scout.com/api/poe2/Leagues/vaal/Currencies/ByCategory?Category=idol&Page=1&PerPage=250 "HTTP/1.1 200 OK"
2026-05-29 17:37:00,347 [INFO] backend.api.data_snapshot: DataSnapshot refreshed: 76 exchange rates, 437 currencies
2026-05-29 17:37:01,745 [INFO] backend.api.routes_arbitrage: Clustering completed: 43 currencies assigned
2026-05-29 17:37:01,745 [WARNING] backend.economy.gold_cost_table: Unknown currency api_id 'greater-chaos-orb' (normalized: 'greater_chaos_orb'). Using fallback gold cost: 200. Add this currency to gold_cost_table.py if the actual cost is known.
2026-05-29 17:37:01,745 [WARNING] backend.economy.gold_cost_table: Unknown currency api_id 'greater-chaos-orb' (normalized: 'greater_chaos_orb'). Using fallback gold cost: 200. Add this currency to gold_cost_table.py if the actual cost is known.
2026-05-29 17:37:01,746 [WARNING] backend.economy.gold_cost_table: Unknown currency api_id 'perfect-regal-orb' (normalized: 'perfect_regal_orb'). Using fallback gold cost: 200. Add this currency to gold_cost_table.py if the actual cost is known.
2026-05-29 17:37:01,746 [WARNING] backend.economy.gold_cost_table: Unknown currency api_id 'perfect-regal-orb' (normalized: 'perfect_regal_orb'). Using fallback gold cost: 200. Add this currency to gold_cost_table.py if the actual cost is known.
2026-05-29 17:37:01,746 [WARNING] backend.economy.gold_cost_table: Unknown currency api_id 'fracturing-orb' (normalized: 'fracturing_orb'). Using fallback gold cost: 200. Add this currency to gold_cost_table.py if the actual cost is known.
2026-05-29 17:37:01,746 [WARNING] backend.economy.gold_cost_table: Unknown currency api_id 'fracturing-orb' (normalized: 'fracturing_orb'). Using fallback gold cost: 200. Add this currency to gold_cost_table.py if the actual cost is known.
2026-05-29 17:37:01,746 [WARNING] backend.economy.gold_cost_table: Unknown currency api_id 'perfect-exalted-orb' (normalized: 'perfect_exalted_orb'). Using fallback gold cost: 200. Add this currency to gold_cost_table.py if the actual cost is known.
2026-05-29 17:37:01,746 [WARNING] backend.economy.gold_cost_table: Unknown currency api_id 'perfect-exalted-orb' (normalized: 'perfect_exalted_orb'). Using fallback gold cost: 200. Add this currency to gold_cost_table.py if the actual cost is known.
2026-05-29 17:37:01,746 [WARNING] backend.economy.gold_cost_table: Unknown currency api_id 'scrap' (normalized: 'scrap'). Using fallback gold cost: 200. Add this currency to gold_cost_table.py if the actual cost is known.
2026-05-29 17:37:01,747 [WARNING] backend.economy.gold_cost_table: Unknown currency api_id 'scrap' (normalized: 'scrap'). Using fallback gold cost: 200. Add this currency to gold_cost_table.py if the actual cost is known.
2026-05-29 17:37:01,747 [WARNING] backend.economy.gold_cost_table: Unknown currency api_id 'breach-splinter' (normalized: 'breach_splinter'). Using fallback gold cost: 200. Add this currency to gold_cost_table.py if the actual cost is known.
2026-05-29 17:37:01,747 [WARNING] backend.economy.gold_cost_table: Unknown currency api_id 'breach-splinter' (normalized: 'breach_splinter'). Using fallback gold cost: 200. Add this currency to gold_cost_table.py if the actual cost is known.
2026-05-29 17:37:01,747 [WARNING] backend.economy.gold_cost_table: Unknown currency api_id 'essence-of-abyss' (normalized: 'essence_of_abyss'). Using fallback gold cost: 200. Add this currency to gold_cost_table.py if the actual cost is known.
2026-05-29 17:37:01,747 [WARNING] backend.economy.gold_cost_table: Unknown currency api_id 'essence-of-abyss' (normalized: 'essence_of_abyss'). Using fallback gold cost: 200. Add this currency to gold_cost_table.py if the actual cost is known.
2026-05-29 17:37:01,747 [WARNING] backend.economy.gold_cost_table: Unknown currency api_id 'omen-of-dextral-exaltation' (normalized: 'omen_of_dextral_exaltation'). Using fallback gold cost: 200. Add this currency to gold_cost_table.py if the actual cost is known.
2026-05-29 17:37:01,747 [WARNING] backend.economy.gold_cost_table: Unknown currency api_id 'omen-of-dextral-exaltation' (normalized: 'omen_of_dextral_exaltation'). Using fallback gold cost: 200. Add this currency to gold_cost_table.py if the actual cost is known.
2026-05-29 17:37:01,747 [WARNING] backend.economy.gold_cost_table: Unknown currency api_id 'omen-of-corruption' (normalized: 'omen_of_corruption'). Using fallback gold cost: 200. Add this currency to gold_cost_table.py if the actual cost is known.
2026-05-29 17:37:01,747 [WARNING] backend.economy.gold_cost_table: Unknown currency api_id 'omen-of-corruption' (normalized: 'omen_of_corruption'). Using fallback gold cost: 200. Add this currency to gold_cost_table.py if the actual cost is known.
2026-05-29 17:37:01,748 [WARNING] backend.economy.gold_cost_table: Unknown currency api_id 'omen-of-corruption' (normalized: 'omen_of_corruption'). Using fallback gold cost: 200. Add this currency to gold_cost_table.py if the actual cost is known.
2026-05-29 17:37:01,748 [WARNING] backend.economy.gold_cost_table: Unknown currency api_id 'omen-of-corruption' (normalized: 'omen_of_corruption'). Using fallback gold cost: 200. Add this currency to gold_cost_table.py if the actual cost is known.
2026-05-29 17:37:01,748 [WARNING] backend.economy.gold_cost_table: Unknown currency api_id 'omen-of-recombination' (normalized: 'omen_of_recombination'). Using fallback gold cost: 200. Add this currency to gold_cost_table.py if the actual cost is known.
2026-05-29 17:37:01,748 [WARNING] backend.economy.gold_cost_table: Unknown currency api_id 'omen-of-recombination' (normalized: 'omen_of_recombination'). Using fallback gold cost: 200. Add this currency to gold_cost_table.py if the actual cost is known.
2026-05-29 17:37:01,748 [WARNING] backend.economy.gold_cost_table: Unknown currency api_id 'omen-of-chaotic-rarity' (normalized: 'omen_of_chaotic_rarity'). Using fallback gold cost: 200. Add this currency to gold_cost_table.py if the actual cost is known.
2026-05-29 17:37:01,748 [WARNING] backend.economy.gold_cost_table: Unknown currency api_id 'omen-of-chaotic-rarity' (normalized: 'omen_of_chaotic_rarity'). Using fallback gold cost: 200. Add this currency to gold_cost_table.py if the actual cost is known.
2026-05-29 17:37:01,748 [WARNING] backend.economy.gold_cost_table: Unknown currency api_id 'preserved-collarbone' (normalized: 'preserved_collarbone'). Using fallback gold cost: 200. Add this currency to gold_cost_table.py if the actual cost is known.
2026-05-29 17:37:01,748 [WARNING] backend.economy.gold_cost_table: Unknown currency api_id 'preserved-collarbone' (normalized: 'preserved_collarbone'). Using fallback gold cost: 200. Add this currency to gold_cost_table.py if the actual cost is known.
2026-05-29 17:37:01,748 [WARNING] backend.economy.gold_cost_table: Unknown currency api_id 'diluted-liquid-guilt' (normalized: 'diluted_liquid_guilt'). Using fallback gold cost: 200. Add this currency to gold_cost_table.py if the actual cost is known.
2026-05-29 17:37:01,748 [WARNING] backend.economy.gold_cost_table: Unknown currency api_id 'diluted-liquid-guilt' (normalized: 'diluted_liquid_guilt'). Using fallback gold cost: 200. Add this currency to gold_cost_table.py if the actual cost is known.
2026-05-29 17:37:01,749 [WARNING] backend.economy.gold_cost_table: Unknown currency api_id 'vaal-cultivation-orb' (normalized: 'vaal_cultivation_orb'). Using fallback gold cost: 200. Add this currency to gold_cost_table.py if the actual cost is known.
2026-05-29 17:37:01,749 [WARNING] backend.economy.gold_cost_table: Unknown currency api_id 'vaal-cultivation-orb' (normalized: 'vaal_cultivation_orb'). Using fallback gold cost: 200. Add this currency to gold_cost_table.py if the actual cost is known.
2026-05-29 17:37:01,749 [WARNING] backend.economy.gold_cost_table: Unknown currency api_id 'secondary-calamity-fragment' (normalized: 'secondary_calamity_fragment'). Using fallback gold cost: 200. Add this currency to gold_cost_table.py if the actual cost is known.
2026-05-29 17:37:01,749 [WARNING] backend.economy.gold_cost_table: Unknown currency api_id 'secondary-calamity-fragment' (normalized: 'secondary_calamity_fragment'). Using fallback gold cost: 200. Add this currency to gold_cost_table.py if the actual cost is known.
2026-05-29 17:37:01,749 [WARNING] backend.economy.gold_cost_table: Unknown currency api_id 'saqawals-rune-of-the-sky' (normalized: 'saqawals_rune_of_the_sky'). Using fallback gold cost: 200. Add this currency to gold_cost_table.py if the actual cost is known.
2026-05-29 17:37:01,749 [WARNING] backend.economy.gold_cost_table: Unknown currency api_id 'saqawals-rune-of-the-sky' (normalized: 'saqawals_rune_of_the_sky'). Using fallback gold cost: 200. Add this currency to gold_cost_table.py if the actual cost is known.
2026-05-29 17:37:01,749 [WARNING] backend.economy.gold_cost_table: Unknown currency api_id 'greater-essence-of-flames' (normalized: 'greater_essence_of_flames'). Using fallback gold cost: 200. Add this currency to gold_cost_table.py if the actual cost is known.
2026-05-29 17:37:01,749 [WARNING] backend.economy.gold_cost_table: Unknown currency api_id 'greater-essence-of-flames' (normalized: 'greater_essence_of_flames'). Using fallback gold cost: 200. Add this currency to gold_cost_table.py if the actual cost is known.
2026-05-29 17:37:01,749 [WARNING] backend.economy.gold_cost_table: Unknown currency api_id 'soul-core-of-tacati' (normalized: 'soul_core_of_tacati'). Using fallback gold cost: 200. Add this currency to gold_cost_table.py if the actual cost is known.
2026-05-29 17:37:01,749 [WARNING] backend.economy.gold_cost_table: Unknown currency api_id 'soul-core-of-tacati' (normalized: 'soul_core_of_tacati'). Using fallback gold cost: 200. Add this currency to gold_cost_table.py if the actual cost is known.
2026-05-29 17:37:01,749 [WARNING] backend.economy.gold_cost_table: Unknown currency api_id 'soul-core-of-citaqualotl' (normalized: 'soul_core_of_citaqualotl'). Using fallback gold cost: 200. Add this currency to gold_cost_table.py if the actual cost is known.
2026-05-29 17:37:01,749 [WARNING] backend.economy.gold_cost_table: Unknown currency api_id 'soul-core-of-citaqualotl' (normalized: 'soul_core_of_citaqualotl'). Using fallback gold cost: 200. Add this currency to gold_cost_table.py if the actual cost is known.
2026-05-29 17:37:01,749 [WARNING] backend.economy.gold_cost_table: Unknown currency api_id 'omen-of-abyssal-favours' (normalized: 'omen_of_abyssal_favours'). Using fallback gold cost: 200. Add this currency to gold_cost_table.py if the actual cost is known.
2026-05-29 17:37:01,750 [WARNING] backend.economy.gold_cost_table: Unknown currency api_id 'omen-of-abyssal-favours' (normalized: 'omen_of_abyssal_favours'). Using fallback gold cost: 200. Add this currency to gold_cost_table.py if the actual cost is known.
2026-05-29 17:37:01,750 [WARNING] backend.economy.gold_cost_table: Unknown currency api_id 'omen-of-sinistral-exaltation' (normalized: 'omen_of_sinistral_exaltation'). Using fallback gold cost: 200. Add this currency to gold_cost_table.py if the actual cost is known.
2026-05-29 17:37:01,750 [WARNING] backend.economy.gold_cost_table: Unknown currency api_id 'omen-of-sinistral-exaltation' (normalized: 'omen_of_sinistral_exaltation'). Using fallback gold cost: 200. Add this currency to gold_cost_table.py if the actual cost is known.
2026-05-29 17:37:01,750 [WARNING] backend.economy.gold_cost_table: Unknown currency api_id 'petition-splinter' (normalized: 'petition_splinter'). Using fallback gold cost: 200. Add this currency to gold_cost_table.py if the actual cost is known.
2026-05-29 17:37:01,750 [WARNING] backend.economy.gold_cost_table: Unknown currency api_id 'petition-splinter' (normalized: 'petition_splinter'). Using fallback gold cost: 200. Add this currency to gold_cost_table.py if the actual cost is known.
2026-05-29 17:37:01,750 [WARNING] backend.economy.gold_cost_table: Unknown currency api_id 'omen-of-reinforcements' (normalized: 'omen_of_reinforcements'). Using fallback gold cost: 200. Add this currency to gold_cost_table.py if the actual cost is known.
2026-05-29 17:37:01,750 [WARNING] backend.economy.gold_cost_table: Unknown currency api_id 'omen-of-reinforcements' (normalized: 'omen_of_reinforcements'). Using fallback gold cost: 200. Add this currency to gold_cost_table.py if the actual cost is known.
2026-05-29 17:37:01,750 [WARNING] backend.economy.gold_cost_table: Unknown currency api_id 'omen-of-greater-exaltation' (normalized: 'omen_of_greater_exaltation'). Using fallback gold cost: 200. Add this currency to gold_cost_table.py if the actual cost is known.
2026-05-29 17:37:01,750 [WARNING] backend.economy.gold_cost_table: Unknown currency api_id 'omen-of-greater-exaltation' (normalized: 'omen_of_greater_exaltation'). Using fallback gold cost: 200. Add this currency to gold_cost_table.py if the actual cost is known.
2026-05-29 17:37:01,750 [WARNING] backend.economy.gold_cost_table: Unknown currency api_id 'adaptive-catalyst' (normalized: 'adaptive_catalyst'). Using fallback gold cost: 200. Add this currency to gold_cost_table.py if the actual cost is known.
2026-05-29 17:37:01,750 [WARNING] backend.economy.gold_cost_table: Unknown currency api_id 'adaptive-catalyst' (normalized: 'adaptive_catalyst'). Using fallback gold cost: 200. Add this currency to gold_cost_table.py if the actual cost is known.
2026-05-29 17:37:01,750 [WARNING] backend.economy.gold_cost_table: Unknown currency api_id 'tecrods-gaze' (normalized: 'tecrods_gaze'). Using fallback gold cost: 200. Add this currency to gold_cost_table.py if the actual cost is known.
2026-05-29 17:37:01,750 [WARNING] backend.economy.gold_cost_table: Unknown currency api_id 'tecrods-gaze' (normalized: 'tecrods_gaze'). Using fallback gold cost: 200. Add this currency to gold_cost_table.py if the actual cost is known.
2026-05-29 17:37:01,751 [WARNING] backend.economy.gold_cost_table: Unknown currency api_id 'uncut-spirit-gem-19' (normalized: 'uncut_spirit_gem_19'). Using fallback gold cost: 200. Add this currency to gold_cost_table.py if the actual cost is known.
2026-05-29 17:37:01,751 [WARNING] backend.economy.gold_cost_table: Unknown currency api_id 'uncut-spirit-gem-19' (normalized: 'uncut_spirit_gem_19'). Using fallback gold cost: 200. Add this currency to gold_cost_table.py if the actual cost is known.
2026-05-29 17:37:01,751 [WARNING] backend.economy.gold_cost_table: Unknown currency api_id 'garukhans-resolve' (normalized: 'garukhans_resolve'). Using fallback gold cost: 200. Add this currency to gold_cost_table.py if the actual cost is known.
2026-05-29 17:37:01,751 [WARNING] backend.economy.gold_cost_table: Unknown currency api_id 'garukhans-resolve' (normalized: 'garukhans_resolve'). Using fallback gold cost: 200. Add this currency to gold_cost_table.py if the actual cost is known.
2026-05-29 17:37:01,751 [WARNING] backend.economy.gold_cost_table: Unknown currency api_id 'diluted-liquid-ire' (normalized: 'diluted_liquid_ire'). Using fallback gold cost: 200. Add this currency to gold_cost_table.py if the actual cost is known.
2026-05-29 17:37:01,751 [WARNING] backend.economy.gold_cost_table: Unknown currency api_id 'diluted-liquid-ire' (normalized: 'diluted_liquid_ire'). Using fallback gold cost: 200. Add this currency to gold_cost_table.py if the actual cost is known.
INFO:     127.0.0.1:59489 - "GET /api/arbitrage/flips HTTP/1.1" 200 OK
INFO:     127.0.0.1:51386 - "GET /api/portfolio HTTP/1.1" 200 OK
INFO:     127.0.0.1:51389 - "GET /api/arbitrage/triangular HTTP/1.1" 200 OK
INFO:     127.0.0.1:51388 - "GET /api/prices/heatmap HTTP/1.1" 200 OK
INFO:     127.0.0.1:64400 - "GET /api/health HTTP/1.1" 200 OK
INFO:     127.0.0.1:64400 - "GET /api/events?active_only=true HTTP/1.1" 200 OK
INFO:     127.0.0.1:64567 - "GET /api/health HTTP/1.1" 200 OK
INFO:     127.0.0.1:64567 - "GET /api/events?active_only=true HTTP/1.1" 200 OK
INFO:     127.0.0.1:63409 - "GET /api/phase HTTP/1.1" 200 OK
INFO:     127.0.0.1:63410 - "GET /api/health HTTP/1.1" 200 OK
INFO:     127.0.0.1:63409 - "GET /api/events?active_only=true HTTP/1.1" 200 OK
INFO:     127.0.0.1:51811 - "GET /api/health HTTP/1.1" 200 OK
INFO:     127.0.0.1:51811 - "GET /api/events?active_only=true HTTP/1.1" 200 OK
INFO:     127.0.0.1:56591 - "GET /api/phase HTTP/1.1" 200 OK
INFO:     127.0.0.1:56591 - "GET /api/health HTTP/1.1" 200 OK
INFO:     127.0.0.1:56591 - "GET /api/events?active_only=true HTTP/1.1" 200 OK
INFO:     127.0.0.1:51832 - "GET /api/phase HTTP/1.1" 200 OK
INFO:     127.0.0.1:51832 - "GET /api/health HTTP/1.1" 200 OK
INFO:     127.0.0.1:51832 - "GET /api/events?active_only=true HTTP/1.1" 200 OK
INFO:     127.0.0.1:51832 - "GET /api/arbitrage/flips?min_score=0&min_volume=0 HTTP/1.1" 200 OK
INFO:     127.0.0.1:51427 - "GET /api/arbitrage/triangular HTTP/1.1" 200 OK
INFO:     127.0.0.1:64094 - "GET /api/arbitrage/flips?min_score=0&min_volume=0 HTTP/1.1" 200 OK
INFO:     127.0.0.1:64094 - "GET /api/health HTTP/1.1" 200 OK
INFO:     127.0.0.1:64094 - "GET /api/events?active_only=true HTTP/1.1" 200 OK
2026-05-29 17:41:33,966 [WARNING] backend.economy.gold_cost_table: Unknown currency api_id 'greater-chaos-orb' (normalized: 'greater_chaos_orb'). Using fallback gold cost: 200. Add this currency to gold_cost_table.py if the actual cost is known.
INFO:     127.0.0.1:58442 - "GET /api/storage-value/greater-chaos-orb HTTP/1.1" 200 OK
INFO:     127.0.0.1:60674 - "GET /api/phase HTTP/1.1" 200 OK
INFO:     127.0.0.1:60674 - "GET /api/health HTTP/1.1" 200 OK
INFO:     127.0.0.1:60674 - "GET /api/events?active_only=true HTTP/1.1" 200 OK
INFO:     127.0.0.1:60674 - "GET /api/storage-value/divine HTTP/1.1" 200 OK
2026-05-29 17:42:05,837 [INFO] httpx: HTTP Request: GET https://api.poe2scout.com/api/poe2/Leagues/vaal/SnapshotPairs "HTTP/1.1 200 OK"
2026-05-29 17:42:06,743 [INFO] httpx: HTTP Request: GET https://api.poe2scout.com/api/poe2/Leagues/vaal/Items/Categories "HTTP/1.1 200 OK"
2026-05-29 17:42:07,726 [INFO] httpx: HTTP Request: GET https://api.poe2scout.com/api/poe2/Leagues/vaal/Currencies/ByCategory?Category=currency&Page=1&PerPage=250 "HTTP/1.1 200 OK"
2026-05-29 17:42:08,740 [INFO] httpx: HTTP Request: GET https://api.poe2scout.com/api/poe2/Leagues/vaal/Currencies/ByCategory?Category=fragments&Page=1&PerPage=250 "HTTP/1.1 200 OK"
2026-05-29 17:42:18,746 [ERROR] backend.data.providers.poe2scout: Request error on poe2/Leagues/vaal/Currencies/ByCategory: 
2026-05-29 17:42:19,017 [INFO] httpx: HTTP Request: GET https://api.poe2scout.com/api/poe2/Leagues/vaal/Currencies/ByCategory?Category=runes&Page=1&PerPage=250 "HTTP/1.1 200 OK"
2026-05-29 17:42:19,927 [INFO] httpx: HTTP Request: GET https://api.poe2scout.com/api/poe2/Leagues/vaal/Currencies/ByCategory?Category=essences&Page=1&PerPage=250 "HTTP/1.1 200 OK"
2026-05-29 17:42:29,953 [ERROR] backend.data.providers.poe2scout: Request error on poe2/Leagues/vaal/Currencies/ByCategory: 
2026-05-29 17:42:30,242 [INFO] httpx: HTTP Request: GET https://api.poe2scout.com/api/poe2/Leagues/vaal/Currencies/ByCategory?Category=ultimatum&Page=1&PerPage=250 "HTTP/1.1 200 OK"
2026-05-29 17:42:31,102 [INFO] httpx: HTTP Request: GET https://api.poe2scout.com/api/poe2/Leagues/vaal/Currencies/ByCategory?Category=expedition&Page=1&PerPage=250 "HTTP/1.1 200 OK"
2026-05-29 17:42:32,110 [INFO] httpx: HTTP Request: GET https://api.poe2scout.com/api/poe2/Leagues/vaal/Currencies/ByCategory?Category=ritual&Page=1&PerPage=250 "HTTP/1.1 200 OK"
2026-05-29 17:42:33,122 [INFO] httpx: HTTP Request: GET https://api.poe2scout.com/api/poe2/Leagues/vaal/Currencies/ByCategory?Category=vaultkeys&Page=1&PerPage=250 "HTTP/1.1 200 OK"
2026-05-29 17:42:43,135 [ERROR] backend.data.providers.poe2scout: Request error on poe2/Leagues/vaal/Currencies/ByCategory: 
2026-05-29 17:42:43,400 [INFO] httpx: HTTP Request: GET https://api.poe2scout.com/api/poe2/Leagues/vaal/Currencies/ByCategory?Category=breach&Page=1&PerPage=250 "HTTP/1.1 200 OK"
2026-05-29 17:42:44,268 [INFO] httpx: HTTP Request: GET https://api.poe2scout.com/api/poe2/Leagues/vaal/Currencies/ByCategory?Category=abyss&Page=1&PerPage=250 "HTTP/1.1 200 OK"
2026-05-29 17:42:45,307 [INFO] httpx: HTTP Request: GET https://api.poe2scout.com/api/poe2/Leagues/vaal/Currencies/ByCategory?Category=uncutgems&Page=1&PerPage=250 "HTTP/1.1 200 OK"
2026-05-29 17:42:56,180 [ERROR] backend.data.providers.poe2scout: Request error on poe2/Leagues/vaal/Currencies/ByCategory: 
2026-05-29 17:42:56,442 [INFO] httpx: HTTP Request: GET https://api.poe2scout.com/api/poe2/Leagues/vaal/Currencies/ByCategory?Category=delirium&Page=1&PerPage=250 "HTTP/1.1 200 OK"
2026-05-29 17:42:57,324 [INFO] httpx: HTTP Request: GET https://api.poe2scout.com/api/poe2/Leagues/vaal/Currencies/ByCategory?Category=incursion&Page=1&PerPage=250 "HTTP/1.1 200 OK"
2026-05-29 17:42:59,938 [INFO] httpx: HTTP Request: GET https://api.poe2scout.com/api/poe2/Leagues/vaal/Currencies/ByCategory?Category=idol&Page=1&PerPage=250 "HTTP/1.1 200 OK"
2026-05-29 17:43:09,947 [ERROR] backend.data.providers.poe2scout: Request error on poe2/Leagues/vaal/Currencies/ByCategory: 
2026-05-29 17:43:09,949 [INFO] backend.api.data_snapshot: DataSnapshot refreshed: 76 exchange rates, 265 currencies
2026-05-29 17:43:09,949 [WARNING] backend.economy.gold_cost_table: Unknown currency api_id 'hinekoras-lock' (normalized: 'hinekoras_lock'). Using fallback gold cost: 200. Add this currency to gold_cost_table.py if the actual cost is known.
2026-05-29 17:43:09,950 [WARNING] backend.economy.gold_cost_table: Unknown currency api_id 'fracturing-orb' (normalized: 'fracturing_orb'). Using fallback gold cost: 200. Add this currency to gold_cost_table.py if the actual cost is known.
2026-05-29 17:43:09,950 [WARNING] backend.economy.gold_cost_table: Unknown currency api_id 'perfect-chaos-orb' (normalized: 'perfect_chaos_orb'). Using fallback gold cost: 200. Add this currency to gold_cost_table.py if the actual cost is known.
2026-05-29 17:43:09,950 [WARNING] backend.economy.gold_cost_table: Unknown currency api_id 'perfect-exalted-orb' (normalized: 'perfect_exalted_orb'). Using fallback gold cost: 200. Add this currency to gold_cost_table.py if the actual cost is known.
2026-05-29 17:43:09,950 [WARNING] backend.economy.gold_cost_table: Unknown currency api_id 'chance-shard' (normalized: 'chance_shard'). Using fallback gold cost: 200. Add this currency to gold_cost_table.py if the actual cost is known.
2026-05-29 17:43:09,950 [WARNING] backend.economy.gold_cost_table: Unknown currency api_id 'perfect-regal-orb' (normalized: 'perfect_regal_orb'). Using fallback gold cost: 200. Add this currency to gold_cost_table.py if the actual cost is known.
2026-05-29 17:43:09,950 [WARNING] backend.economy.gold_cost_table: Unknown currency api_id 'greater-chaos-orb' (normalized: 'greater_chaos_orb'). Using fallback gold cost: 200. Add this currency to gold_cost_table.py if the actual cost is known.
2026-05-29 17:43:09,950 [WARNING] backend.economy.gold_cost_table: Unknown currency api_id 'perfect-orb-of-augmentation' (normalized: 'perfect_orb_of_augmentation'). Using fallback gold cost: 200. Add this currency to gold_cost_table.py if the actual cost is known.
2026-05-29 17:43:09,950 [WARNING] backend.economy.gold_cost_table: Unknown currency api_id 'greater-regal-orb' (normalized: 'greater_regal_orb'). Using fallback gold cost: 200. Add this currency to gold_cost_table.py if the actual cost is known.
2026-05-29 17:43:09,950 [WARNING] backend.economy.gold_cost_table: Unknown currency api_id 'greater-exalted-orb' (normalized: 'greater_exalted_orb'). Using fallback gold cost: 200. Add this currency to gold_cost_table.py if the actual cost is known.
2026-05-29 17:43:09,950 [WARNING] backend.economy.gold_cost_table: Unknown currency api_id 'scrap' (normalized: 'scrap'). Using fallback gold cost: 200. Add this currency to gold_cost_table.py if the actual cost is known.
2026-05-29 17:43:09,950 [WARNING] backend.economy.gold_cost_table: Unknown currency api_id 'artificers-shard' (normalized: 'artificers_shard'). Using fallback gold cost: 200. Add this currency to gold_cost_table.py if the actual cost is known.
2026-05-29 17:43:09,950 [WARNING] backend.economy.gold_cost_table: Unknown currency api_id 'perfect-orb-of-transmutation' (normalized: 'perfect_orb_of_transmutation'). Using fallback gold cost: 200. Add this currency to gold_cost_table.py if the actual cost is known.
2026-05-29 17:43:09,950 [WARNING] backend.economy.gold_cost_table: Unknown currency api_id 'greater-orb-of-augmentation' (normalized: 'greater_orb_of_augmentation'). Using fallback gold cost: 200. Add this currency to gold_cost_table.py if the actual cost is known.
2026-05-29 17:43:09,950 [WARNING] backend.economy.gold_cost_table: Unknown currency api_id 'greater-orb-of-transmutation' (normalized: 'greater_orb_of_transmutation'). Using fallback gold cost: 200. Add this currency to gold_cost_table.py if the actual cost is known.
2026-05-29 17:43:09,950 [WARNING] backend.economy.gold_cost_table: Unknown currency api_id 'greater-rune-of-alacrity' (normalized: 'greater_rune_of_alacrity'). Using fallback gold cost: 200. Add this currency to gold_cost_table.py if the actual cost is known.
2026-05-29 17:43:09,950 [WARNING] backend.economy.gold_cost_table: Unknown currency api_id 'robust-rune' (normalized: 'robust_rune'). Using fallback gold cost: 200. Add this currency to gold_cost_table.py if the actual cost is known.
2026-05-29 17:43:09,950 [WARNING] backend.economy.gold_cost_table: Unknown currency api_id 'rebirth-rune' (normalized: 'rebirth_rune'). Using fallback gold cost: 200. Add this currency to gold_cost_table.py if the actual cost is known.
2026-05-29 17:43:09,950 [WARNING] backend.economy.gold_cost_table: Unknown currency api_id 'greater-rune-of-tithing' (normalized: 'greater_rune_of_tithing'). Using fallback gold cost: 200. Add this currency to gold_cost_table.py if the actual cost is known.
2026-05-29 17:43:09,950 [WARNING] backend.economy.gold_cost_table: Unknown currency api_id 'desert-rune' (normalized: 'desert_rune'). Using fallback gold cost: 200. Add this currency to gold_cost_table.py if the actual cost is known.
2026-05-29 17:43:09,950 [WARNING] backend.economy.gold_cost_table: Unknown currency api_id 'adept-rune' (normalized: 'adept_rune'). Using fallback gold cost: 200. Add this currency to gold_cost_table.py if the actual cost is known.
2026-05-29 17:43:09,950 [WARNING] backend.economy.gold_cost_table: Unknown currency api_id 'iron-rune' (normalized: 'iron_rune'). Using fallback gold cost: 200. Add this currency to gold_cost_table.py if the actual cost is known.
2026-05-29 17:43:09,950 [WARNING] backend.economy.gold_cost_table: Unknown currency api_id 'lesser-iron-rune' (normalized: 'lesser_iron_rune'). Using fallback gold cost: 200. Add this currency to gold_cost_table.py if the actual cost is known.
2026-05-29 17:43:09,950 [WARNING] backend.economy.gold_cost_table: Unknown currency api_id 'lesser-glacial-rune' (normalized: 'lesser_glacial_rune'). Using fallback gold cost: 200. Add this currency to gold_cost_table.py if the actual cost is known.
2026-05-29 17:43:09,950 [WARNING] backend.economy.gold_cost_table: Unknown currency api_id 'greater-rune-of-leadership' (normalized: 'greater_rune_of_leadership'). Using fallback gold cost: 200. Add this currency to gold_cost_table.py if the actual cost is known.
2026-05-29 17:43:09,950 [WARNING] backend.economy.gold_cost_table: Unknown currency api_id 'countess-seskes-rune-of-archery' (normalized: 'countess_seskes_rune_of_archery'). Using fallback gold cost: 200. Add this currency to gold_cost_table.py if the actual cost is known.
2026-05-29 17:43:09,950 [WARNING] backend.economy.gold_cost_table: Unknown currency api_id 'storm-rune' (normalized: 'storm_rune'). Using fallback gold cost: 200. Add this currency to gold_cost_table.py if the actual cost is known.
2026-05-29 17:43:09,950 [WARNING] backend.economy.gold_cost_table: Unknown currency api_id 'hedgewitch-assandras-rune-of-wisdom' (normalized: 'hedgewitch_assandras_rune_of_wisdom'). Using fallback gold cost: 200. Add this currency to gold_cost_table.py if the actual cost is known.
2026-05-29 17:43:09,950 [WARNING] backend.economy.gold_cost_table: Unknown currency api_id 'thane-grannells-rune-of-mastery' (normalized: 'thane_grannells_rune_of_mastery'). Using fallback gold cost: 200. Add this currency to gold_cost_table.py if the actual cost is known.
2026-05-29 17:43:09,950 [WARNING] backend.economy.gold_cost_table: Unknown currency api_id 'saqawals-rune-of-memory' (normalized: 'saqawals_rune_of_memory'). Using fallback gold cost: 200. Add this currency to gold_cost_table.py if the actual cost is known.
2026-05-29 17:43:09,950 [WARNING] backend.economy.gold_cost_table: Unknown currency api_id 'saqawals-rune-of-erosion' (normalized: 'saqawals_rune_of_erosion'). Using fallback gold cost: 200. Add this currency to gold_cost_table.py if the actual cost is known.
2026-05-29 17:43:09,950 [WARNING] backend.economy.gold_cost_table: Unknown currency api_id 'greater-robust-rune' (normalized: 'greater_robust_rune'). Using fallback gold cost: 200. Add this currency to gold_cost_table.py if the actual cost is known.
2026-05-29 17:43:09,951 [WARNING] backend.economy.gold_cost_table: Unknown currency api_id 'greater-rune-of-nobility' (normalized: 'greater_rune_of_nobility'). Using fallback gold cost: 200. Add this currency to gold_cost_table.py if the actual cost is known.
2026-05-29 17:43:09,951 [WARNING] backend.economy.gold_cost_table: Unknown currency api_id 'fenumus-rune-of-draining' (normalized: 'fenumus_rune_of_draining'). Using fallback gold cost: 200. Add this currency to gold_cost_table.py if the actual cost is known.
2026-05-29 17:43:09,951 [WARNING] backend.economy.gold_cost_table: Unknown currency api_id 'saqawals-rune-of-the-sky' (normalized: 'saqawals_rune_of_the_sky'). Using fallback gold cost: 200. Add this currency to gold_cost_table.py if the actual cost is known.
2026-05-29 17:43:09,951 [WARNING] backend.economy.gold_cost_table: Unknown currency api_id 'lesser-rebirth-rune' (normalized: 'lesser_rebirth_rune'). Using fallback gold cost: 200. Add this currency to gold_cost_table.py if the actual cost is known.
2026-05-29 17:43:09,951 [WARNING] backend.economy.gold_cost_table: Unknown currency api_id 'lesser-mind-rune' (normalized: 'lesser_mind_rune'). Using fallback gold cost: 200. Add this currency to gold_cost_table.py if the actual cost is known.
2026-05-29 17:43:09,951 [WARNING] backend.economy.gold_cost_table: Unknown currency api_id 'lesser-adept-rune' (normalized: 'lesser_adept_rune'). Using fallback gold cost: 200. Add this currency to gold_cost_table.py if the actual cost is known.
2026-05-29 17:43:09,951 [WARNING] backend.economy.gold_cost_table: Unknown currency api_id 'lesser-storm-rune' (normalized: 'lesser_storm_rune'). Using fallback gold cost: 200. Add this currency to gold_cost_table.py if the actual cost is known.
2026-05-29 17:43:09,951 [WARNING] backend.economy.gold_cost_table: Unknown currency api_id 'body-rune' (normalized: 'body_rune'). Using fallback gold cost: 200. Add this currency to gold_cost_table.py if the actual cost is known.
2026-05-29 17:43:09,951 [WARNING] backend.economy.gold_cost_table: Unknown currency api_id 'farruls-rune-of-the-chase' (normalized: 'farruls_rune_of_the_chase'). Using fallback gold cost: 200. Add this currency to gold_cost_table.py if the actual cost is known.
2026-05-29 17:43:09,951 [WARNING] backend.economy.gold_cost_table: Unknown currency api_id 'lesser-desert-rune' (normalized: 'lesser_desert_rune'). Using fallback gold cost: 200. Add this currency to gold_cost_table.py if the actual cost is known.
2026-05-29 17:43:09,951 [WARNING] backend.economy.gold_cost_table: Unknown currency api_id 'courtesan-mannans-rune-of-cruelty' (normalized: 'courtesan_mannans_rune_of_cruelty'). Using fallback gold cost: 200. Add this currency to gold_cost_table.py if the actual cost is known.
2026-05-29 17:43:09,951 [WARNING] backend.economy.gold_cost_table: Unknown currency api_id 'greater-adept-rune' (normalized: 'greater_adept_rune'). Using fallback gold cost: 200. Add this currency to gold_cost_table.py if the actual cost is known.
2026-05-29 17:43:09,951 [WARNING] backend.economy.gold_cost_table: Unknown currency api_id 'the-greatwolfs-rune-of-claws' (normalized: 'the_greatwolfs_rune_of_claws'). Using fallback gold cost: 200. Add this currency to gold_cost_table.py if the actual cost is known.
2026-05-29 17:43:09,951 [WARNING] backend.economy.gold_cost_table: Unknown currency api_id 'inspiration-rune' (normalized: 'inspiration_rune'). Using fallback gold cost: 200. Add this currency to gold_cost_table.py if the actual cost is known.
2026-05-29 17:43:09,951 [WARNING] backend.economy.gold_cost_table: Unknown currency api_id 'greater-iron-rune' (normalized: 'greater_iron_rune'). Using fallback gold cost: 200. Add this currency to gold_cost_table.py if the actual cost is known.
2026-05-29 17:43:09,951 [WARNING] backend.economy.gold_cost_table: Unknown currency api_id 'farruls-rune-of-the-hunt' (normalized: 'farruls_rune_of_the_hunt'). Using fallback gold cost: 200. Add this currency to gold_cost_table.py if the actual cost is known.
2026-05-29 17:43:09,951 [WARNING] backend.economy.gold_cost_table: Unknown currency api_id 'lesser-vision-rune' (normalized: 'lesser_vision_rune'). Using fallback gold cost: 200. Add this currency to gold_cost_table.py if the actual cost is known.
2026-05-29 17:43:09,951 [WARNING] backend.economy.gold_cost_table: Unknown currency api_id 'thane-lelds-rune-of-spring' (normalized: 'thane_lelds_rune_of_spring'). Using fallback gold cost: 200. Add this currency to gold_cost_table.py if the actual cost is known.
2026-05-29 17:43:09,951 [WARNING] backend.economy.gold_cost_table: Unknown currency api_id 'thane-girts-rune-of-wildness' (normalized: 'thane_girts_rune_of_wildness'). Using fallback gold cost: 200. Add this currency to gold_cost_table.py if the actual cost is known.
2026-05-29 17:43:09,951 [WARNING] backend.economy.gold_cost_table: Unknown currency api_id 'craiceanns-rune-of-warding' (normalized: 'craiceanns_rune_of_warding'). Using fallback gold cost: 200. Add this currency to gold_cost_table.py if the actual cost is known.
2026-05-29 17:43:09,951 [WARNING] backend.economy.gold_cost_table: Unknown currency api_id 'lady-hestras-rune-of-winter' (normalized: 'lady_hestras_rune_of_winter'). Using fallback gold cost: 200. Add this currency to gold_cost_table.py if the actual cost is known.
2026-05-29 17:43:09,951 [WARNING] backend.economy.gold_cost_table: Unknown currency api_id 'farruls-rune-of-grace' (normalized: 'farruls_rune_of_grace'). Using fallback gold cost: 200. Add this currency to gold_cost_table.py if the actual cost is known.
2026-05-29 17:43:09,951 [WARNING] backend.economy.gold_cost_table: Unknown currency api_id 'fenumus-rune-of-agony' (normalized: 'fenumus_rune_of_agony'). Using fallback gold cost: 200. Add this currency to gold_cost_table.py if the actual cost is known.
2026-05-29 17:43:09,951 [WARNING] backend.economy.gold_cost_table: Unknown currency api_id 'fenumus-rune-of-spinning' (normalized: 'fenumus_rune_of_spinning'). Using fallback gold cost: 200. Add this currency to gold_cost_table.py if the actual cost is known.
2026-05-29 17:43:09,951 [WARNING] backend.economy.gold_cost_table: Unknown currency api_id 'lesser-body-rune' (normalized: 'lesser_body_rune'). Using fallback gold cost: 200. Add this currency to gold_cost_table.py if the actual cost is known.
2026-05-29 17:43:09,951 [WARNING] backend.economy.gold_cost_table: Unknown currency api_id 'greater-body-rune' (normalized: 'greater_body_rune'). Using fallback gold cost: 200. Add this currency to gold_cost_table.py if the actual cost is known.
2026-05-29 17:43:09,951 [WARNING] backend.economy.gold_cost_table: Unknown currency api_id 'craiceanns-rune-of-recovery' (normalized: 'craiceanns_rune_of_recovery'). Using fallback gold cost: 200. Add this currency to gold_cost_table.py if the actual cost is known.
2026-05-29 17:43:09,951 [WARNING] backend.economy.gold_cost_table: Unknown currency api_id 'thane-myrks-rune-of-summer' (normalized: 'thane_myrks_rune_of_summer'). Using fallback gold cost: 200. Add this currency to gold_cost_table.py if the actual cost is known.
2026-05-29 17:43:09,951 [WARNING] backend.economy.gold_cost_table: Unknown currency api_id 'the-greatwolfs-rune-of-willpower' (normalized: 'the_greatwolfs_rune_of_willpower'). Using fallback gold cost: 200. Add this currency to gold_cost_table.py if the actual cost is known.
2026-05-29 17:43:09,951 [WARNING] backend.economy.gold_cost_table: Unknown currency api_id 'greater-resolve-rune' (normalized: 'greater_resolve_rune'). Using fallback gold cost: 200. Add this currency to gold_cost_table.py if the actual cost is known.
2026-05-29 17:43:09,951 [WARNING] backend.economy.gold_cost_table: Unknown currency api_id 'lesser-stone-rune' (normalized: 'lesser_stone_rune'). Using fallback gold cost: 200. Add this currency to gold_cost_table.py if the actual cost is known.
2026-05-29 17:43:09,951 [WARNING] backend.economy.gold_cost_table: Unknown currency api_id 'greater-storm-rune' (normalized: 'greater_storm_rune'). Using fallback gold cost: 200. Add this currency to gold_cost_table.py if the actual cost is known.
2026-05-29 17:43:09,951 [WARNING] backend.economy.gold_cost_table: Unknown currency api_id 'greater-vision-rune' (normalized: 'greater_vision_rune'). Using fallback gold cost: 200. Add this currency to gold_cost_table.py if the actual cost is known.
2026-05-29 17:43:09,951 [WARNING] backend.economy.gold_cost_table: Unknown currency api_id 'greater-glacial-rune' (normalized: 'greater_glacial_rune'). Using fallback gold cost: 200. Add this currency to gold_cost_table.py if the actual cost is known.
2026-05-29 17:43:09,952 [WARNING] backend.economy.gold_cost_table: Unknown currency api_id 'greater-desert-rune' (normalized: 'greater_desert_rune'). Using fallback gold cost: 200. Add this currency to gold_cost_table.py if the actual cost is known.
2026-05-29 17:43:09,952 [WARNING] backend.economy.gold_cost_table: Unknown currency api_id 'greater-stone-rune' (normalized: 'greater_stone_rune'). Using fallback gold cost: 200. Add this currency to gold_cost_table.py if the actual cost is known.
2026-05-29 17:43:09,952 [WARNING] backend.economy.gold_cost_table: Unknown currency api_id 'mind-rune' (normalized: 'mind_rune'). Using fallback gold cost: 200. Add this currency to gold_cost_table.py if the actual cost is known.
2026-05-29 17:43:09,952 [WARNING] backend.economy.gold_cost_table: Unknown currency api_id 'vision-rune' (normalized: 'vision_rune'). Using fallback gold cost: 200. Add this currency to gold_cost_table.py if the actual cost is known.
2026-05-29 17:43:09,952 [WARNING] backend.economy.gold_cost_table: Unknown currency api_id 'lesser-resolve-rune' (normalized: 'lesser_resolve_rune'). Using fallback gold cost: 200. Add this currency to gold_cost_table.py if the actual cost is known.
2026-05-29 17:43:09,952 [WARNING] backend.economy.gold_cost_table: Unknown currency api_id 'greater-inspiration-rune' (normalized: 'greater_inspiration_rune'). Using fallback gold cost: 200. Add this currency to gold_cost_table.py if the actual cost is known.
2026-05-29 17:43:09,952 [WARNING] backend.economy.gold_cost_table: Unknown currency api_id 'lesser-inspiration-rune' (normalized: 'lesser_inspiration_rune'). Using fallback gold cost: 200. Add this currency to gold_cost_table.py if the actual cost is known.
2026-05-29 17:43:09,952 [WARNING] backend.economy.gold_cost_table: Unknown currency api_id 'greater-mind-rune' (normalized: 'greater_mind_rune'). Using fallback gold cost: 200. Add this currency to gold_cost_table.py if the actual cost is known.
2026-05-29 17:43:09,952 [WARNING] backend.economy.gold_cost_table: Unknown currency api_id 'stone-rune' (normalized: 'stone_rune'). Using fallback gold cost: 200. Add this currency to gold_cost_table.py if the actual cost is known.
2026-05-29 17:43:09,952 [WARNING] backend.economy.gold_cost_table: Unknown currency api_id 'greater-rebirth-rune' (normalized: 'greater_rebirth_rune'). Using fallback gold cost: 200. Add this currency to gold_cost_table.py if the actual cost is known.
2026-05-29 17:43:09,952 [WARNING] backend.economy.gold_cost_table: Unknown currency api_id 'glacial-rune' (normalized: 'glacial_rune'). Using fallback gold cost: 200. Add this currency to gold_cost_table.py if the actual cost is known.
2026-05-29 17:43:09,952 [WARNING] backend.economy.gold_cost_table: Unknown currency api_id 'resolve-rune' (normalized: 'resolve_rune'). Using fallback gold cost: 200. Add this currency to gold_cost_table.py if the actual cost is known.
2026-05-29 17:43:09,952 [WARNING] backend.economy.gold_cost_table: Unknown currency api_id 'lesser-robust-rune' (normalized: 'lesser_robust_rune'). Using fallback gold cost: 200. Add this currency to gold_cost_table.py if the actual cost is known.
2026-05-29 17:43:09,952 [WARNING] backend.economy.gold_cost_table: Unknown currency api_id 'xopecs-soul-core-of-power' (normalized: 'xopecs_soul_core_of_power'). Using fallback gold cost: 200. Add this currency to gold_cost_table.py if the actual cost is known.
2026-05-29 17:43:09,952 [WARNING] backend.economy.gold_cost_table: Unknown currency api_id 'opilotis-soul-core-of-assault' (normalized: 'opilotis_soul_core_of_assault'). Using fallback gold cost: 200. Add this currency to gold_cost_table.py if the actual cost is known.
2026-05-29 17:43:09,952 [WARNING] backend.economy.gold_cost_table: Unknown currency api_id 'soul-core-of-quipolatl' (normalized: 'soul_core_of_quipolatl'). Using fallback gold cost: 200. Add this currency to gold_cost_table.py if the actual cost is known.
2026-05-29 17:43:09,952 [WARNING] backend.economy.gold_cost_table: Unknown currency api_id 'soul-core-of-jiquani' (normalized: 'soul_core_of_jiquani'). Using fallback gold cost: 200. Add this currency to gold_cost_table.py if the actual cost is known.
2026-05-29 17:43:09,952 [WARNING] backend.economy.gold_cost_table: Unknown currency api_id 'guatelitzis-soul-core-of-endurance' (normalized: 'guatelitzis_soul_core_of_endurance'). Using fallback gold cost: 200. Add this currency to gold_cost_table.py if the actual cost is known.
2026-05-29 17:43:09,952 [WARNING] backend.economy.gold_cost_table: Unknown currency api_id 'soul-core-of-ticaba' (normalized: 'soul_core_of_ticaba'). Using fallback gold cost: 200. Add this currency to gold_cost_table.py if the actual cost is known.
2026-05-29 17:43:09,952 [WARNING] backend.economy.gold_cost_table: Unknown currency api_id 'soul-core-of-azcapa' (normalized: 'soul_core_of_azcapa'). Using fallback gold cost: 200. Add this currency to gold_cost_table.py if the actual cost is known.
2026-05-29 17:43:09,952 [WARNING] backend.economy.gold_cost_table: Unknown currency api_id 'soul-core-of-zalatl' (normalized: 'soul_core_of_zalatl'). Using fallback gold cost: 200. Add this currency to gold_cost_table.py if the actual cost is known.
2026-05-29 17:43:09,952 [WARNING] backend.economy.gold_cost_table: Unknown currency api_id 'estazuntis-soul-core-of-convalescence' (normalized: 'estazuntis_soul_core_of_convalescence'). Using fallback gold cost: 200. Add this currency to gold_cost_table.py if the actual cost is known.
2026-05-29 17:43:09,952 [WARNING] backend.economy.gold_cost_table: Unknown currency api_id 'quipolatls-soul-core-of-flow' (normalized: 'quipolatls_soul_core_of_flow'). Using fallback gold cost: 200. Add this currency to gold_cost_table.py if the actual cost is known.
2026-05-29 17:43:09,952 [WARNING] backend.economy.gold_cost_table: Unknown currency api_id 'cholotls-soul-core-of-war' (normalized: 'cholotls_soul_core_of_war'). Using fallback gold cost: 200. Add this currency to gold_cost_table.py if the actual cost is known.
2026-05-29 17:43:09,952 [WARNING] backend.economy.gold_cost_table: Unknown currency api_id 'soul-core-of-atmohua' (normalized: 'soul_core_of_atmohua'). Using fallback gold cost: 200. Add this currency to gold_cost_table.py if the actual cost is known.
2026-05-29 17:43:09,952 [WARNING] backend.economy.gold_cost_table: Unknown currency api_id 'soul-core-of-cholotl' (normalized: 'soul_core_of_cholotl'). Using fallback gold cost: 200. Add this currency to gold_cost_table.py if the actual cost is known.
2026-05-29 17:43:09,952 [WARNING] backend.economy.gold_cost_table: Unknown currency api_id 'tacatis-soul-core-of-affliction' (normalized: 'tacatis_soul_core_of_affliction'). Using fallback gold cost: 200. Add this currency to gold_cost_table.py if the actual cost is known.
2026-05-29 17:43:09,952 [WARNING] backend.economy.gold_cost_table: Unknown currency api_id 'tzamotos-soul-core-of-ferocity' (normalized: 'tzamotos_soul_core_of_ferocity'). Using fallback gold cost: 200. Add this currency to gold_cost_table.py if the actual cost is known.
2026-05-29 17:43:09,952 [WARNING] backend.economy.gold_cost_table: Unknown currency api_id 'uromotis-soul-core-of-attenuation' (normalized: 'uromotis_soul_core_of_attenuation'). Using fallback gold cost: 200. Add this currency to gold_cost_table.py if the actual cost is known.
2026-05-29 17:43:09,952 [WARNING] backend.economy.gold_cost_table: Unknown currency api_id 'soul-core-of-citaqualotl' (normalized: 'soul_core_of_citaqualotl'). Using fallback gold cost: 200. Add this currency to gold_cost_table.py if the actual cost is known.
2026-05-29 17:43:09,952 [WARNING] backend.economy.gold_cost_table: Unknown currency api_id 'soul-core-of-puhuarte' (normalized: 'soul_core_of_puhuarte'). Using fallback gold cost: 200. Add this currency to gold_cost_table.py if the actual cost is known.
2026-05-29 17:43:09,952 [WARNING] backend.economy.gold_cost_table: Unknown currency api_id 'soul-core-of-tzamoto' (normalized: 'soul_core_of_tzamoto'). Using fallback gold cost: 200. Add this currency to gold_cost_table.py if the actual cost is known.
2026-05-29 17:43:09,952 [WARNING] backend.economy.gold_cost_table: Unknown currency api_id 'xipocados-soul-core-of-dominion' (normalized: 'xipocados_soul_core_of_dominion'). Using fallback gold cost: 200. Add this currency to gold_cost_table.py if the actual cost is known.
2026-05-29 17:43:09,952 [WARNING] backend.economy.gold_cost_table: Unknown currency api_id 'topotantes-soul-core-of-dampening' (normalized: 'topotantes_soul_core_of_dampening'). Using fallback gold cost: 200. Add this currency to gold_cost_table.py if the actual cost is known.
2026-05-29 17:43:09,952 [WARNING] backend.economy.gold_cost_table: Unknown currency api_id 'hayoxis-soul-core-of-heatproofing' (normalized: 'hayoxis_soul_core_of_heatproofing'). Using fallback gold cost: 200. Add this currency to gold_cost_table.py if the actual cost is known.
2026-05-29 17:43:09,953 [WARNING] backend.economy.gold_cost_table: Unknown currency api_id 'citaqualotls-soul-core-of-foulness' (normalized: 'citaqualotls_soul_core_of_foulness'). Using fallback gold cost: 200. Add this currency to gold_cost_table.py if the actual cost is known.
2026-05-29 17:43:09,953 [WARNING] backend.economy.gold_cost_table: Unknown currency api_id 'zalatls-soul-core-of-insulation' (normalized: 'zalatls_soul_core_of_insulation'). Using fallback gold cost: 200. Add this currency to gold_cost_table.py if the actual cost is known.
2026-05-29 17:43:09,953 [WARNING] backend.economy.gold_cost_table: Unknown currency api_id 'soul-core-of-tacati' (normalized: 'soul_core_of_tacati'). Using fallback gold cost: 200. Add this currency to gold_cost_table.py if the actual cost is known.
2026-05-29 17:43:09,953 [WARNING] backend.economy.gold_cost_table: Unknown currency api_id 'atmohuas-soul-core-of-retreat' (normalized: 'atmohuas_soul_core_of_retreat'). Using fallback gold cost: 200. Add this currency to gold_cost_table.py if the actual cost is known.
2026-05-29 17:43:09,953 [WARNING] backend.economy.gold_cost_table: Unknown currency api_id 'soul-core-of-zantipi' (normalized: 'soul_core_of_zantipi'). Using fallback gold cost: 200. Add this currency to gold_cost_table.py if the actual cost is known.
2026-05-29 17:43:09,953 [WARNING] backend.economy.gold_cost_table: Unknown currency api_id 'soul-core-of-topotante' (normalized: 'soul_core_of_topotante'). Using fallback gold cost: 200. Add this currency to gold_cost_table.py if the actual cost is known.
2026-05-29 17:43:09,953 [WARNING] backend.economy.gold_cost_table: Unknown currency api_id 'soul-core-of-opiloti' (normalized: 'soul_core_of_opiloti'). Using fallback gold cost: 200. Add this currency to gold_cost_table.py if the actual cost is known.
2026-05-29 17:43:09,953 [WARNING] backend.economy.gold_cost_table: Unknown currency api_id 'soul-core-of-xopec' (normalized: 'soul_core_of_xopec'). Using fallback gold cost: 200. Add this currency to gold_cost_table.py if the actual cost is known.
2026-05-29 17:43:09,953 [WARNING] backend.economy.gold_cost_table: Unknown currency api_id 'sun-artifact' (normalized: 'sun_artifact'). Using fallback gold cost: 200. Add this currency to gold_cost_table.py if the actual cost is known.
2026-05-29 17:43:09,953 [WARNING] backend.economy.gold_cost_table: Unknown currency api_id 'black-scythe-artifact' (normalized: 'black_scythe_artifact'). Using fallback gold cost: 200. Add this currency to gold_cost_table.py if the actual cost is known.
2026-05-29 17:43:09,953 [WARNING] backend.economy.gold_cost_table: Unknown currency api_id 'broken-circle-artifact' (normalized: 'broken_circle_artifact'). Using fallback gold cost: 200. Add this currency to gold_cost_table.py if the actual cost is known.
2026-05-29 17:43:09,953 [WARNING] backend.economy.gold_cost_table: Unknown currency api_id 'exotic-coinage' (normalized: 'exotic_coinage'). Using fallback gold cost: 200. Add this currency to gold_cost_table.py if the actual cost is known.
2026-05-29 17:43:09,953 [WARNING] backend.economy.gold_cost_table: Unknown currency api_id 'order-artifact' (normalized: 'order_artifact'). Using fallback gold cost: 200. Add this currency to gold_cost_table.py if the actual cost is known.
2026-05-29 17:43:09,953 [WARNING] backend.economy.gold_cost_table: Unknown currency api_id 'omen-of-whittling' (normalized: 'omen_of_whittling'). Using fallback gold cost: 200. Add this currency to gold_cost_table.py if the actual cost is known.
2026-05-29 17:43:09,953 [WARNING] backend.economy.gold_cost_table: Unknown currency api_id 'omen-of-sinistral-erasure' (normalized: 'omen_of_sinistral_erasure'). Using fallback gold cost: 200. Add this currency to gold_cost_table.py if the actual cost is known.
2026-05-29 17:43:09,953 [WARNING] backend.economy.gold_cost_table: Unknown currency api_id 'omen-of-dextral-annulment' (normalized: 'omen_of_dextral_annulment'). Using fallback gold cost: 200. Add this currency to gold_cost_table.py if the actual cost is known.
2026-05-29 17:43:09,953 [WARNING] backend.economy.gold_cost_table: Unknown currency api_id 'omen-of-sinistral-annulment' (normalized: 'omen_of_sinistral_annulment'). Using fallback gold cost: 200. Add this currency to gold_cost_table.py if the actual cost is known.
2026-05-29 17:43:09,953 [WARNING] backend.economy.gold_cost_table: Unknown currency api_id 'omen-of-dextral-erasure' (normalized: 'omen_of_dextral_erasure'). Using fallback gold cost: 200. Add this currency to gold_cost_table.py if the actual cost is known.
2026-05-29 17:43:09,953 [WARNING] backend.economy.gold_cost_table: Unknown currency api_id 'omen-of-light' (normalized: 'omen_of_light'). Using fallback gold cost: 200. Add this currency to gold_cost_table.py if the actual cost is known.
2026-05-29 17:43:09,953 [WARNING] backend.economy.gold_cost_table: Unknown currency api_id 'omen-of-chance' (normalized: 'omen_of_chance'). Using fallback gold cost: 200. Add this currency to gold_cost_table.py if the actual cost is known.
2026-05-29 17:43:09,953 [WARNING] backend.economy.gold_cost_table: Unknown currency api_id 'omen-of-corruption' (normalized: 'omen_of_corruption'). Using fallback gold cost: 200. Add this currency to gold_cost_table.py if the actual cost is known.
2026-05-29 17:43:09,953 [WARNING] backend.economy.gold_cost_table: Unknown currency api_id 'omen-of-sanctification' (normalized: 'omen_of_sanctification'). Using fallback gold cost: 200. Add this currency to gold_cost_table.py if the actual cost is known.
2026-05-29 17:43:09,953 [WARNING] backend.economy.gold_cost_table: Unknown currency api_id 'omen-of-the-blessed' (normalized: 'omen_of_the_blessed'). Using fallback gold cost: 200. Add this currency to gold_cost_table.py if the actual cost is known.
2026-05-29 17:43:09,953 [WARNING] backend.economy.gold_cost_table: Unknown currency api_id 'omen-of-abyssal-favours' (normalized: 'omen_of_abyssal_favours'). Using fallback gold cost: 200. Add this currency to gold_cost_table.py if the actual cost is known.
2026-05-29 17:43:09,953 [WARNING] backend.economy.gold_cost_table: Unknown currency api_id 'omen-of-the-hunt' (normalized: 'omen_of_the_hunt'). Using fallback gold cost: 200. Add this currency to gold_cost_table.py if the actual cost is known.
2026-05-29 17:43:09,953 [WARNING] backend.economy.gold_cost_table: Unknown currency api_id 'omen-of-dextral-crystallisation' (normalized: 'omen_of_dextral_crystallisation'). Using fallback gold cost: 200. Add this currency to gold_cost_table.py if the actual cost is known.
2026-05-29 17:43:09,953 [WARNING] backend.economy.gold_cost_table: Unknown currency api_id 'omen-of-the-blackblooded' (normalized: 'omen_of_the_blackblooded'). Using fallback gold cost: 200. Add this currency to gold_cost_table.py if the actual cost is known.
2026-05-29 17:43:09,953 [WARNING] backend.economy.gold_cost_table: Unknown currency api_id 'omen-of-secret-compartments' (normalized: 'omen_of_secret_compartments'). Using fallback gold cost: 200. Add this currency to gold_cost_table.py if the actual cost is known.
2026-05-29 17:43:09,953 [WARNING] backend.economy.gold_cost_table: Unknown currency api_id 'omen-of-sinistral-crystallisation' (normalized: 'omen_of_sinistral_crystallisation'). Using fallback gold cost: 200. Add this currency to gold_cost_table.py if the actual cost is known.
2026-05-29 17:43:09,953 [WARNING] backend.economy.gold_cost_table: Unknown currency api_id 'omen-of-putrefaction' (normalized: 'omen_of_putrefaction'). Using fallback gold cost: 200. Add this currency to gold_cost_table.py if the actual cost is known.
2026-05-29 17:43:09,953 [WARNING] backend.economy.gold_cost_table: Unknown currency api_id 'omen-of-reinforcements' (normalized: 'omen_of_reinforcements'). Using fallback gold cost: 200. Add this currency to gold_cost_table.py if the actual cost is known.
2026-05-29 17:43:09,953 [WARNING] backend.economy.gold_cost_table: Unknown currency api_id 'omen-of-sinistral-exaltation' (normalized: 'omen_of_sinistral_exaltation'). Using fallback gold cost: 200. Add this currency to gold_cost_table.py if the actual cost is known.
2026-05-29 17:43:09,953 [WARNING] backend.economy.gold_cost_table: Unknown currency api_id 'omen-of-bartering' (normalized: 'omen_of_bartering'). Using fallback gold cost: 200. Add this currency to gold_cost_table.py if the actual cost is known.
2026-05-29 17:43:09,953 [WARNING] backend.economy.gold_cost_table: Unknown currency api_id 'omen-of-the-ancients' (normalized: 'omen_of_the_ancients'). Using fallback gold cost: 200. Add this currency to gold_cost_table.py if the actual cost is known.
2026-05-29 17:43:09,954 [WARNING] backend.economy.gold_cost_table: Unknown currency api_id 'omen-of-sinistral-necromancy' (normalized: 'omen_of_sinistral_necromancy'). Using fallback gold cost: 200. Add this currency to gold_cost_table.py if the actual cost is known.
2026-05-29 17:43:09,954 [WARNING] backend.economy.gold_cost_table: Unknown currency api_id 'omen-of-catalysing-exaltation' (normalized: 'omen_of_catalysing_exaltation'). Using fallback gold cost: 200. Add this currency to gold_cost_table.py if the actual cost is known.
2026-05-29 17:43:09,954 [WARNING] backend.economy.gold_cost_table: Unknown currency api_id 'omen-of-amelioration' (normalized: 'omen_of_amelioration'). Using fallback gold cost: 200. Add this currency to gold_cost_table.py if the actual cost is known.
2026-05-29 17:43:09,954 [WARNING] backend.economy.gold_cost_table: Unknown currency api_id 'omen-of-recombination' (normalized: 'omen_of_recombination'). Using fallback gold cost: 200. Add this currency to gold_cost_table.py if the actual cost is known.
2026-05-29 17:43:09,954 [WARNING] backend.economy.gold_cost_table: Unknown currency api_id 'omen-of-chaotic-monsters' (normalized: 'omen_of_chaotic_monsters'). Using fallback gold cost: 200. Add this currency to gold_cost_table.py if the actual cost is known.
2026-05-29 17:43:09,954 [WARNING] backend.economy.gold_cost_table: Unknown currency api_id 'omen-of-dextral-exaltation' (normalized: 'omen_of_dextral_exaltation'). Using fallback gold cost: 200. Add this currency to gold_cost_table.py if the actual cost is known.
2026-05-29 17:43:09,954 [WARNING] backend.economy.gold_cost_table: Unknown currency api_id 'omen-of-dextral-necromancy' (normalized: 'omen_of_dextral_necromancy'). Using fallback gold cost: 200. Add this currency to gold_cost_table.py if the actual cost is known.
2026-05-29 17:43:09,954 [WARNING] backend.economy.gold_cost_table: Unknown currency api_id 'omen-of-chaotic-rarity' (normalized: 'omen_of_chaotic_rarity'). Using fallback gold cost: 200. Add this currency to gold_cost_table.py if the actual cost is known.
2026-05-29 17:43:09,954 [WARNING] backend.economy.gold_cost_table: Unknown currency api_id 'omen-of-chaotic-quantity' (normalized: 'omen_of_chaotic_quantity'). Using fallback gold cost: 200. Add this currency to gold_cost_table.py if the actual cost is known.
2026-05-29 17:43:09,954 [WARNING] backend.economy.gold_cost_table: Unknown currency api_id 'omen-of-the-sovereign' (normalized: 'omen_of_the_sovereign'). Using fallback gold cost: 200. Add this currency to gold_cost_table.py if the actual cost is known.
2026-05-29 17:43:09,954 [WARNING] backend.economy.gold_cost_table: Unknown currency api_id 'omen-of-greater-exaltation' (normalized: 'omen_of_greater_exaltation'). Using fallback gold cost: 200. Add this currency to gold_cost_table.py if the actual cost is known.
2026-05-29 17:43:09,954 [WARNING] backend.economy.gold_cost_table: Unknown currency api_id 'omen-of-the-liege' (normalized: 'omen_of_the_liege'). Using fallback gold cost: 200. Add this currency to gold_cost_table.py if the actual cost is known.
2026-05-29 17:43:09,954 [WARNING] backend.economy.gold_cost_table: Unknown currency api_id 'omen-of-refreshment' (normalized: 'omen_of_refreshment'). Using fallback gold cost: 200. Add this currency to gold_cost_table.py if the actual cost is known.
2026-05-29 17:43:09,954 [WARNING] backend.economy.gold_cost_table: Unknown currency api_id 'omen-of-gambling' (normalized: 'omen_of_gambling'). Using fallback gold cost: 200. Add this currency to gold_cost_table.py if the actual cost is known.
2026-05-29 17:43:09,954 [WARNING] backend.economy.gold_cost_table: Unknown currency api_id 'omen-of-resurgence' (normalized: 'omen_of_resurgence'). Using fallback gold cost: 200. Add this currency to gold_cost_table.py if the actual cost is known.
2026-05-29 17:43:09,954 [WARNING] backend.economy.gold_cost_table: Unknown currency api_id 'omen-of-answered-prayers' (normalized: 'omen_of_answered_prayers'). Using fallback gold cost: 200. Add this currency to gold_cost_table.py if the actual cost is known.
2026-05-29 17:43:09,954 [WARNING] backend.economy.gold_cost_table: Unknown currency api_id 'petition-splinter' (normalized: 'petition_splinter'). Using fallback gold cost: 200. Add this currency to gold_cost_table.py if the actual cost is known.
2026-05-29 17:43:09,954 [WARNING] backend.economy.gold_cost_table: Unknown currency api_id 'eshs-catalyst' (normalized: 'eshs_catalyst'). Using fallback gold cost: 200. Add this currency to gold_cost_table.py if the actual cost is known.
2026-05-29 17:43:09,954 [WARNING] backend.economy.gold_cost_table: Unknown currency api_id 'reaver-catalyst' (normalized: 'reaver_catalyst'). Using fallback gold cost: 200. Add this currency to gold_cost_table.py if the actual cost is known.
2026-05-29 17:43:09,954 [WARNING] backend.economy.gold_cost_table: Unknown currency api_id 'sibilant-catalyst' (normalized: 'sibilant_catalyst'). Using fallback gold cost: 200. Add this currency to gold_cost_table.py if the actual cost is known.
2026-05-29 17:43:09,954 [WARNING] backend.economy.gold_cost_table: Unknown currency api_id 'neural-catalyst' (normalized: 'neural_catalyst'). Using fallback gold cost: 200. Add this currency to gold_cost_table.py if the actual cost is known.
2026-05-29 17:43:09,954 [WARNING] backend.economy.gold_cost_table: Unknown currency api_id 'skittering-catalyst' (normalized: 'skittering_catalyst'). Using fallback gold cost: 200. Add this currency to gold_cost_table.py if the actual cost is known.
2026-05-29 17:43:09,954 [WARNING] backend.economy.gold_cost_table: Unknown currency api_id 'tuls-catalyst' (normalized: 'tuls_catalyst'). Using fallback gold cost: 200. Add this currency to gold_cost_table.py if the actual cost is known.
2026-05-29 17:43:09,954 [WARNING] backend.economy.gold_cost_table: Unknown currency api_id 'xophs-catalyst' (normalized: 'xophs_catalyst'). Using fallback gold cost: 200. Add this currency to gold_cost_table.py if the actual cost is known.
2026-05-29 17:43:09,954 [WARNING] backend.economy.gold_cost_table: Unknown currency api_id 'chayulas-catalyst' (normalized: 'chayulas_catalyst'). Using fallback gold cost: 200. Add this currency to gold_cost_table.py if the actual cost is known.
2026-05-29 17:43:09,954 [WARNING] backend.economy.gold_cost_table: Unknown currency api_id 'adaptive-catalyst' (normalized: 'adaptive_catalyst'). Using fallback gold cost: 200. Add this currency to gold_cost_table.py if the actual cost is known.
2026-05-29 17:43:09,954 [WARNING] backend.economy.gold_cost_table: Unknown currency api_id 'carapace-catalyst' (normalized: 'carapace_catalyst'). Using fallback gold cost: 200. Add this currency to gold_cost_table.py if the actual cost is known.
2026-05-29 17:43:09,954 [WARNING] backend.economy.gold_cost_table: Unknown currency api_id 'uul-netols-catalyst' (normalized: 'uul_netols_catalyst'). Using fallback gold cost: 200. Add this currency to gold_cost_table.py if the actual cost is known.
2026-05-29 17:43:09,954 [WARNING] backend.economy.gold_cost_table: Unknown currency api_id 'flesh-catalyst' (normalized: 'flesh_catalyst'). Using fallback gold cost: 200. Add this currency to gold_cost_table.py if the actual cost is known.
2026-05-29 17:43:09,954 [WARNING] backend.economy.gold_cost_table: Unknown currency api_id 'ancient-jawbone' (normalized: 'ancient_jawbone'). Using fallback gold cost: 200. Add this currency to gold_cost_table.py if the actual cost is known.
2026-05-29 17:43:09,954 [WARNING] backend.economy.gold_cost_table: Unknown currency api_id 'ancient-collarbone' (normalized: 'ancient_collarbone'). Using fallback gold cost: 200. Add this currency to gold_cost_table.py if the actual cost is known.
2026-05-29 17:43:09,954 [WARNING] backend.economy.gold_cost_table: Unknown currency api_id 'tecrods-gaze' (normalized: 'tecrods_gaze'). Using fallback gold cost: 200. Add this currency to gold_cost_table.py if the actual cost is known.
2026-05-29 17:43:09,954 [WARNING] backend.economy.gold_cost_table: Unknown currency api_id 'ancient-rib' (normalized: 'ancient_rib'). Using fallback gold cost: 200. Add this currency to gold_cost_table.py if the actual cost is known.
2026-05-29 17:43:09,955 [WARNING] backend.economy.gold_cost_table: Unknown currency api_id 'kurgals-gaze' (normalized: 'kurgals_gaze'). Using fallback gold cost: 200. Add this currency to gold_cost_table.py if the actual cost is known.
2026-05-29 17:43:09,955 [WARNING] backend.economy.gold_cost_table: Unknown currency api_id 'amanamus-gaze' (normalized: 'amanamus_gaze'). Using fallback gold cost: 200. Add this currency to gold_cost_table.py if the actual cost is known.
2026-05-29 17:43:09,955 [WARNING] backend.economy.gold_cost_table: Unknown currency api_id 'ulamans-gaze' (normalized: 'ulamans_gaze'). Using fallback gold cost: 200. Add this currency to gold_cost_table.py if the actual cost is known.
2026-05-29 17:43:09,955 [WARNING] backend.economy.gold_cost_table: Unknown currency api_id 'abyss-key' (normalized: 'abyss_key'). Using fallback gold cost: 200. Add this currency to gold_cost_table.py if the actual cost is known.
2026-05-29 17:43:09,955 [WARNING] backend.economy.gold_cost_table: Unknown currency api_id 'preserved-cranium' (normalized: 'preserved_cranium'). Using fallback gold cost: 200. Add this currency to gold_cost_table.py if the actual cost is known.
2026-05-29 17:43:09,955 [WARNING] backend.economy.gold_cost_table: Unknown currency api_id 'gnawed-jawbone' (normalized: 'gnawed_jawbone'). Using fallback gold cost: 200. Add this currency to gold_cost_table.py if the actual cost is known.
2026-05-29 17:43:09,955 [WARNING] backend.economy.gold_cost_table: Unknown currency api_id 'gnawed-collarbone' (normalized: 'gnawed_collarbone'). Using fallback gold cost: 200. Add this currency to gold_cost_table.py if the actual cost is known.
2026-05-29 17:43:09,955 [WARNING] backend.economy.gold_cost_table: Unknown currency api_id 'preserved-rib' (normalized: 'preserved_rib'). Using fallback gold cost: 200. Add this currency to gold_cost_table.py if the actual cost is known.
2026-05-29 17:43:09,955 [WARNING] backend.economy.gold_cost_table: Unknown currency api_id 'preserved-jawbone' (normalized: 'preserved_jawbone'). Using fallback gold cost: 200. Add this currency to gold_cost_table.py if the actual cost is known.
2026-05-29 17:43:09,955 [WARNING] backend.economy.gold_cost_table: Unknown currency api_id 'gnawed-rib' (normalized: 'gnawed_rib'). Using fallback gold cost: 200. Add this currency to gold_cost_table.py if the actual cost is known.
2026-05-29 17:43:09,955 [WARNING] backend.economy.gold_cost_table: Unknown currency api_id 'preserved-collarbone' (normalized: 'preserved_collarbone'). Using fallback gold cost: 200. Add this currency to gold_cost_table.py if the actual cost is known.
2026-05-29 17:43:09,955 [WARNING] backend.economy.gold_cost_table: Unknown currency api_id 'uncut-spirit-gem-8' (normalized: 'uncut_spirit_gem_8'). Using fallback gold cost: 200. Add this currency to gold_cost_table.py if the actual cost is known.
2026-05-29 17:43:09,955 [WARNING] backend.economy.gold_cost_table: Unknown currency api_id 'uncut-spirit-gem-20' (normalized: 'uncut_spirit_gem_20'). Using fallback gold cost: 200. Add this currency to gold_cost_table.py if the actual cost is known.
2026-05-29 17:43:09,955 [WARNING] backend.economy.gold_cost_table: Unknown currency api_id 'uncut-spirit-gem-9' (normalized: 'uncut_spirit_gem_9'). Using fallback gold cost: 200. Add this currency to gold_cost_table.py if the actual cost is known.
2026-05-29 17:43:09,955 [WARNING] backend.economy.gold_cost_table: Unknown currency api_id 'uncut-spirit-gem-7' (normalized: 'uncut_spirit_gem_7'). Using fallback gold cost: 200. Add this currency to gold_cost_table.py if the actual cost is known.
2026-05-29 17:43:09,955 [WARNING] backend.economy.gold_cost_table: Unknown currency api_id 'uncut-spirit-gem-15' (normalized: 'uncut_spirit_gem_15'). Using fallback gold cost: 200. Add this currency to gold_cost_table.py if the actual cost is known.
2026-05-29 17:43:09,955 [WARNING] backend.economy.gold_cost_table: Unknown currency api_id 'uncut-spirit-gem-14' (normalized: 'uncut_spirit_gem_14'). Using fallback gold cost: 200. Add this currency to gold_cost_table.py if the actual cost is known.
2026-05-29 17:43:09,955 [WARNING] backend.economy.gold_cost_table: Unknown currency api_id 'uncut-spirit-gem-5' (normalized: 'uncut_spirit_gem_5'). Using fallback gold cost: 200. Add this currency to gold_cost_table.py if the actual cost is known.
2026-05-29 17:43:09,955 [WARNING] backend.economy.gold_cost_table: Unknown currency api_id 'uncut-spirit-gem-6' (normalized: 'uncut_spirit_gem_6'). Using fallback gold cost: 200. Add this currency to gold_cost_table.py if the actual cost is known.
2026-05-29 17:43:09,955 [WARNING] backend.economy.gold_cost_table: Unknown currency api_id 'uncut-spirit-gem-16' (normalized: 'uncut_spirit_gem_16'). Using fallback gold cost: 200. Add this currency to gold_cost_table.py if the actual cost is known.
2026-05-29 17:43:09,955 [WARNING] backend.economy.gold_cost_table: Unknown currency api_id 'uncut-skill-gem-3' (normalized: 'uncut_skill_gem_3'). Using fallback gold cost: 200. Add this currency to gold_cost_table.py if the actual cost is known.
2026-05-29 17:43:09,955 [WARNING] backend.economy.gold_cost_table: Unknown currency api_id 'uncut-skill-gem-16' (normalized: 'uncut_skill_gem_16'). Using fallback gold cost: 200. Add this currency to gold_cost_table.py if the actual cost is known.
2026-05-29 17:43:09,955 [WARNING] backend.economy.gold_cost_table: Unknown currency api_id 'uncut-spirit-gem-4' (normalized: 'uncut_spirit_gem_4'). Using fallback gold cost: 200. Add this currency to gold_cost_table.py if the actual cost is known.
2026-05-29 17:43:09,955 [WARNING] backend.economy.gold_cost_table: Unknown currency api_id 'uncut-skill-gem-20' (normalized: 'uncut_skill_gem_20'). Using fallback gold cost: 200. Add this currency to gold_cost_table.py if the actual cost is known.
2026-05-29 17:43:09,955 [WARNING] backend.economy.gold_cost_table: Unknown currency api_id 'uncut-skill-gem-10' (normalized: 'uncut_skill_gem_10'). Using fallback gold cost: 200. Add this currency to gold_cost_table.py if the actual cost is known.
2026-05-29 17:43:09,955 [WARNING] backend.economy.gold_cost_table: Unknown currency api_id 'uncut-skill-gem-6' (normalized: 'uncut_skill_gem_6'). Using fallback gold cost: 200. Add this currency to gold_cost_table.py if the actual cost is known.
2026-05-29 17:43:09,955 [WARNING] backend.economy.gold_cost_table: Unknown currency api_id 'uncut-skill-gem-2' (normalized: 'uncut_skill_gem_2'). Using fallback gold cost: 200. Add this currency to gold_cost_table.py if the actual cost is known.
2026-05-29 17:43:09,955 [WARNING] backend.economy.gold_cost_table: Unknown currency api_id 'uncut-skill-gem-7' (normalized: 'uncut_skill_gem_7'). Using fallback gold cost: 200. Add this currency to gold_cost_table.py if the actual cost is known.
2026-05-29 17:43:09,955 [WARNING] backend.economy.gold_cost_table: Unknown currency api_id 'uncut-spirit-gem-10' (normalized: 'uncut_spirit_gem_10'). Using fallback gold cost: 200. Add this currency to gold_cost_table.py if the actual cost is known.
2026-05-29 17:43:09,955 [WARNING] backend.economy.gold_cost_table: Unknown currency api_id 'uncut-skill-gem-4' (normalized: 'uncut_skill_gem_4'). Using fallback gold cost: 200. Add this currency to gold_cost_table.py if the actual cost is known.
2026-05-29 17:43:09,955 [WARNING] backend.economy.gold_cost_table: Unknown currency api_id 'uncut-support-gem-4' (normalized: 'uncut_support_gem_4'). Using fallback gold cost: 200. Add this currency to gold_cost_table.py if the actual cost is known.
2026-05-29 17:43:09,955 [WARNING] backend.economy.gold_cost_table: Unknown currency api_id 'uncut-skill-gem-8' (normalized: 'uncut_skill_gem_8'). Using fallback gold cost: 200. Add this currency to gold_cost_table.py if the actual cost is known.
2026-05-29 17:43:09,955 [WARNING] backend.economy.gold_cost_table: Unknown currency api_id 'uncut-skill-gem-15' (normalized: 'uncut_skill_gem_15'). Using fallback gold cost: 200. Add this currency to gold_cost_table.py if the actual cost is known.
2026-05-29 17:43:09,956 [WARNING] backend.economy.gold_cost_table: Unknown currency api_id 'uncut-skill-gem-9' (normalized: 'uncut_skill_gem_9'). Using fallback gold cost: 200. Add this currency to gold_cost_table.py if the actual cost is known.
2026-05-29 17:43:09,956 [WARNING] backend.economy.gold_cost_table: Unknown currency api_id 'uncut-spirit-gem-17' (normalized: 'uncut_spirit_gem_17'). Using fallback gold cost: 200. Add this currency to gold_cost_table.py if the actual cost is known.
2026-05-29 17:43:09,956 [WARNING] backend.economy.gold_cost_table: Unknown currency api_id 'uncut-support-gem-5' (normalized: 'uncut_support_gem_5'). Using fallback gold cost: 200. Add this currency to gold_cost_table.py if the actual cost is known.
2026-05-29 17:43:09,956 [WARNING] backend.economy.gold_cost_table: Unknown currency api_id 'uncut-spirit-gem-11' (normalized: 'uncut_spirit_gem_11'). Using fallback gold cost: 200. Add this currency to gold_cost_table.py if the actual cost is known.
2026-05-29 17:43:09,956 [WARNING] backend.economy.gold_cost_table: Unknown currency api_id 'uncut-support-gem-2' (normalized: 'uncut_support_gem_2'). Using fallback gold cost: 200. Add this currency to gold_cost_table.py if the actual cost is known.
2026-05-29 17:43:09,956 [WARNING] backend.economy.gold_cost_table: Unknown currency api_id 'uncut-spirit-gem-13' (normalized: 'uncut_spirit_gem_13'). Using fallback gold cost: 200. Add this currency to gold_cost_table.py if the actual cost is known.
2026-05-29 17:43:09,956 [WARNING] backend.economy.gold_cost_table: Unknown currency api_id 'uncut-skill-gem-1' (normalized: 'uncut_skill_gem_1'). Using fallback gold cost: 200. Add this currency to gold_cost_table.py if the actual cost is known.
2026-05-29 17:43:09,956 [WARNING] backend.economy.gold_cost_table: Unknown currency api_id 'uncut-spirit-gem-12' (normalized: 'uncut_spirit_gem_12'). Using fallback gold cost: 200. Add this currency to gold_cost_table.py if the actual cost is known.
2026-05-29 17:43:09,956 [WARNING] backend.economy.gold_cost_table: Unknown currency api_id 'uncut-skill-gem-18' (normalized: 'uncut_skill_gem_18'). Using fallback gold cost: 200. Add this currency to gold_cost_table.py if the actual cost is known.
2026-05-29 17:43:09,956 [WARNING] backend.economy.gold_cost_table: Unknown currency api_id 'uncut-skill-gem-5' (normalized: 'uncut_skill_gem_5'). Using fallback gold cost: 200. Add this currency to gold_cost_table.py if the actual cost is known.
2026-05-29 17:43:09,956 [WARNING] backend.economy.gold_cost_table: Unknown currency api_id 'uncut-skill-gem-12' (normalized: 'uncut_skill_gem_12'). Using fallback gold cost: 200. Add this currency to gold_cost_table.py if the actual cost is known.
2026-05-29 17:43:09,956 [WARNING] backend.economy.gold_cost_table: Unknown currency api_id 'uncut-spirit-gem-18' (normalized: 'uncut_spirit_gem_18'). Using fallback gold cost: 200. Add this currency to gold_cost_table.py if the actual cost is known.
2026-05-29 17:43:09,956 [WARNING] backend.economy.gold_cost_table: Unknown currency api_id 'uncut-skill-gem-19' (normalized: 'uncut_skill_gem_19'). Using fallback gold cost: 200. Add this currency to gold_cost_table.py if the actual cost is known.
2026-05-29 17:43:09,956 [WARNING] backend.economy.gold_cost_table: Unknown currency api_id 'uncut-spirit-gem-19' (normalized: 'uncut_spirit_gem_19'). Using fallback gold cost: 200. Add this currency to gold_cost_table.py if the actual cost is known.
2026-05-29 17:43:09,956 [WARNING] backend.economy.gold_cost_table: Unknown currency api_id 'uncut-skill-gem-11' (normalized: 'uncut_skill_gem_11'). Using fallback gold cost: 200. Add this currency to gold_cost_table.py if the actual cost is known.
2026-05-29 17:43:09,956 [WARNING] backend.economy.gold_cost_table: Unknown currency api_id 'uncut-skill-gem-14' (normalized: 'uncut_skill_gem_14'). Using fallback gold cost: 200. Add this currency to gold_cost_table.py if the actual cost is known.
2026-05-29 17:43:09,956 [WARNING] backend.economy.gold_cost_table: Unknown currency api_id 'uncut-support-gem-3' (normalized: 'uncut_support_gem_3'). Using fallback gold cost: 200. Add this currency to gold_cost_table.py if the actual cost is known.
2026-05-29 17:43:09,956 [WARNING] backend.economy.gold_cost_table: Unknown currency api_id 'uncut-skill-gem-17' (normalized: 'uncut_skill_gem_17'). Using fallback gold cost: 200. Add this currency to gold_cost_table.py if the actual cost is known.
2026-05-29 17:43:09,956 [WARNING] backend.economy.gold_cost_table: Unknown currency api_id 'uncut-skill-gem-13' (normalized: 'uncut_skill_gem_13'). Using fallback gold cost: 200. Add this currency to gold_cost_table.py if the actual cost is known.
2026-05-29 17:43:09,956 [WARNING] backend.economy.gold_cost_table: Unknown currency api_id 'uncut-support-gem-1' (normalized: 'uncut_support_gem_1'). Using fallback gold cost: 200. Add this currency to gold_cost_table.py if the actual cost is known.
2026-05-29 17:43:09,956 [WARNING] backend.economy.gold_cost_table: Unknown currency api_id 'concentrated-liquid-isolation' (normalized: 'concentrated_liquid_isolation'). Using fallback gold cost: 200. Add this currency to gold_cost_table.py if the actual cost is known.
2026-05-29 17:43:09,956 [WARNING] backend.economy.gold_cost_table: Unknown currency api_id 'concentrated-liquid-suffering' (normalized: 'concentrated_liquid_suffering'). Using fallback gold cost: 200. Add this currency to gold_cost_table.py if the actual cost is known.
2026-05-29 17:43:09,956 [WARNING] backend.economy.gold_cost_table: Unknown currency api_id 'concentrated-liquid-fear' (normalized: 'concentrated_liquid_fear'). Using fallback gold cost: 200. Add this currency to gold_cost_table.py if the actual cost is known.
2026-05-29 17:43:09,956 [WARNING] backend.economy.gold_cost_table: Unknown currency api_id 'liquid-despair' (normalized: 'liquid_despair'). Using fallback gold cost: 200. Add this currency to gold_cost_table.py if the actual cost is known.
2026-05-29 17:43:09,956 [WARNING] backend.economy.gold_cost_table: Unknown currency api_id 'liquid-disgust' (normalized: 'liquid_disgust'). Using fallback gold cost: 200. Add this currency to gold_cost_table.py if the actual cost is known.
2026-05-29 17:43:09,956 [WARNING] backend.economy.gold_cost_table: Unknown currency api_id 'diluted-liquid-greed' (normalized: 'diluted_liquid_greed'). Using fallback gold cost: 200. Add this currency to gold_cost_table.py if the actual cost is known.
2026-05-29 17:43:09,956 [WARNING] backend.economy.gold_cost_table: Unknown currency api_id 'liquid-paranoia' (normalized: 'liquid_paranoia'). Using fallback gold cost: 200. Add this currency to gold_cost_table.py if the actual cost is known.
2026-05-29 17:43:09,956 [WARNING] backend.economy.gold_cost_table: Unknown currency api_id 'liquid-envy' (normalized: 'liquid_envy'). Using fallback gold cost: 200. Add this currency to gold_cost_table.py if the actual cost is known.
2026-05-29 17:43:09,956 [WARNING] backend.economy.gold_cost_table: Unknown currency api_id 'diluted-liquid-guilt' (normalized: 'diluted_liquid_guilt'). Using fallback gold cost: 200. Add this currency to gold_cost_table.py if the actual cost is known.
2026-05-29 17:43:09,956 [WARNING] backend.economy.gold_cost_table: Unknown currency api_id 'diluted-liquid-ire' (normalized: 'diluted_liquid_ire'). Using fallback gold cost: 200. Add this currency to gold_cost_table.py if the actual cost is known.
2026-05-29 17:43:09,956 [WARNING] backend.economy.gold_cost_table: Unknown currency api_id 'quipolatls-thesis' (normalized: 'quipolatls_thesis'). Using fallback gold cost: 200. Add this currency to gold_cost_table.py if the actual cost is known.
2026-05-29 17:43:09,956 [WARNING] backend.economy.gold_cost_table: Unknown currency api_id 'jiquanis-thesis' (normalized: 'jiquanis_thesis'). Using fallback gold cost: 200. Add this currency to gold_cost_table.py if the actual cost is known.
2026-05-29 17:43:09,956 [WARNING] backend.economy.gold_cost_table: Unknown currency api_id 'guatelitzis-thesis' (normalized: 'guatelitzis_thesis'). Using fallback gold cost: 200. Add this currency to gold_cost_table.py if the actual cost is known.
2026-05-29 17:43:09,956 [WARNING] backend.economy.gold_cost_table: Unknown currency api_id 'crystallised-corruption' (normalized: 'crystallised_corruption'). Using fallback gold cost: 200. Add this currency to gold_cost_table.py if the actual cost is known.
2026-05-29 17:43:09,957 [WARNING] backend.economy.gold_cost_table: Unknown currency api_id 'orb-of-extraction' (normalized: 'orb_of_extraction'). Using fallback gold cost: 200. Add this currency to gold_cost_table.py if the actual cost is known.
2026-05-29 17:43:09,957 [WARNING] backend.economy.gold_cost_table: Unknown currency api_id 'ancient-infuser' (normalized: 'ancient_infuser'). Using fallback gold cost: 200. Add this currency to gold_cost_table.py if the actual cost is known.
2026-05-29 17:43:09,957 [WARNING] backend.economy.gold_cost_table: Unknown currency api_id 'vaal-cultivation-orb' (normalized: 'vaal_cultivation_orb'). Using fallback gold cost: 200. Add this currency to gold_cost_table.py if the actual cost is known.
2026-05-29 17:43:09,957 [WARNING] backend.economy.gold_cost_table: Unknown currency api_id 'citaqualotls-thesis' (normalized: 'citaqualotls_thesis'). Using fallback gold cost: 200. Add this currency to gold_cost_table.py if the actual cost is known.
2026-05-29 17:43:09,957 [WARNING] backend.economy.gold_cost_table: Unknown currency api_id 'vaal-infuser' (normalized: 'vaal_infuser'). Using fallback gold cost: 200. Add this currency to gold_cost_table.py if the actual cost is known.
2026-05-29 17:43:09,957 [WARNING] backend.economy.gold_cost_table: Unknown currency api_id 'architects-orb' (normalized: 'architects_orb'). Using fallback gold cost: 200. Add this currency to gold_cost_table.py if the actual cost is known.
2026-05-29 17:43:09,957 [WARNING] backend.economy.gold_cost_table: Unknown currency api_id 'core-destabiliser' (normalized: 'core_destabiliser'). Using fallback gold cost: 200. Add this currency to gold_cost_table.py if the actual cost is known.
2026-05-29 17:43:09,957 [WARNING] backend.economy.gold_cost_table: Unknown currency api_id 'vaal-siphoner' (normalized: 'vaal_siphoner'). Using fallback gold cost: 200. Add this currency to gold_cost_table.py if the actual cost is known.
2026-05-29 17:43:09,981 [INFO] backend.api.routes_prices: Prices clustering completed: 43 currencies assigned
2026-05-29 17:43:09,981 [WARNING] backend.economy.gold_cost_table: Unknown currency api_id 'greater-chaos-orb' (normalized: 'greater_chaos_orb'). Using fallback gold cost: 200. Add this currency to gold_cost_table.py if the actual cost is known.
2026-05-29 17:43:09,981 [WARNING] backend.economy.gold_cost_table: Unknown currency api_id 'perfect-regal-orb' (normalized: 'perfect_regal_orb'). Using fallback gold cost: 200. Add this currency to gold_cost_table.py if the actual cost is known.
2026-05-29 17:43:09,981 [WARNING] backend.economy.gold_cost_table: Unknown currency api_id 'fracturing-orb' (normalized: 'fracturing_orb'). Using fallback gold cost: 200. Add this currency to gold_cost_table.py if the actual cost is known.
2026-05-29 17:43:09,982 [WARNING] backend.economy.gold_cost_table: Unknown currency api_id 'perfect-exalted-orb' (normalized: 'perfect_exalted_orb'). Using fallback gold cost: 200. Add this currency to gold_cost_table.py if the actual cost is known.
2026-05-29 17:43:09,982 [WARNING] backend.economy.gold_cost_table: Unknown currency api_id 'scrap' (normalized: 'scrap'). Using fallback gold cost: 200. Add this currency to gold_cost_table.py if the actual cost is known.
2026-05-29 17:43:09,982 [WARNING] backend.economy.gold_cost_table: Unknown currency api_id 'breach-splinter' (normalized: 'breach_splinter'). Using fallback gold cost: 200. Add this currency to gold_cost_table.py if the actual cost is known.
2026-05-29 17:43:09,982 [WARNING] backend.economy.gold_cost_table: Unknown currency api_id 'essence-of-abyss' (normalized: 'essence_of_abyss'). Using fallback gold cost: 200. Add this currency to gold_cost_table.py if the actual cost is known.
2026-05-29 17:43:09,982 [WARNING] backend.economy.gold_cost_table: Unknown currency api_id 'omen-of-dextral-exaltation' (normalized: 'omen_of_dextral_exaltation'). Using fallback gold cost: 200. Add this currency to gold_cost_table.py if the actual cost is known.
2026-05-29 17:43:09,982 [WARNING] backend.economy.gold_cost_table: Unknown currency api_id 'omen-of-corruption' (normalized: 'omen_of_corruption'). Using fallback gold cost: 200. Add this currency to gold_cost_table.py if the actual cost is known.
2026-05-29 17:43:09,982 [WARNING] backend.economy.gold_cost_table: Unknown currency api_id 'omen-of-corruption' (normalized: 'omen_of_corruption'). Using fallback gold cost: 200. Add this currency to gold_cost_table.py if the actual cost is known.
2026-05-29 17:43:09,982 [WARNING] backend.economy.gold_cost_table: Unknown currency api_id 'omen-of-recombination' (normalized: 'omen_of_recombination'). Using fallback gold cost: 200. Add this currency to gold_cost_table.py if the actual cost is known.
2026-05-29 17:43:09,982 [WARNING] backend.economy.gold_cost_table: Unknown currency api_id 'omen-of-chaotic-rarity' (normalized: 'omen_of_chaotic_rarity'). Using fallback gold cost: 200. Add this currency to gold_cost_table.py if the actual cost is known.
2026-05-29 17:43:09,982 [WARNING] backend.economy.gold_cost_table: Unknown currency api_id 'preserved-collarbone' (normalized: 'preserved_collarbone'). Using fallback gold cost: 200. Add this currency to gold_cost_table.py if the actual cost is known.
2026-05-29 17:43:09,982 [WARNING] backend.economy.gold_cost_table: Unknown currency api_id 'diluted-liquid-guilt' (normalized: 'diluted_liquid_guilt'). Using fallback gold cost: 200. Add this currency to gold_cost_table.py if the actual cost is known.
2026-05-29 17:43:09,982 [WARNING] backend.economy.gold_cost_table: Unknown currency api_id 'vaal-cultivation-orb' (normalized: 'vaal_cultivation_orb'). Using fallback gold cost: 200. Add this currency to gold_cost_table.py if the actual cost is known.
2026-05-29 17:43:09,982 [WARNING] backend.economy.gold_cost_table: Unknown currency api_id 'secondary-calamity-fragment' (normalized: 'secondary_calamity_fragment'). Using fallback gold cost: 200. Add this currency to gold_cost_table.py if the actual cost is known.
2026-05-29 17:43:09,982 [WARNING] backend.economy.gold_cost_table: Unknown currency api_id 'saqawals-rune-of-the-sky' (normalized: 'saqawals_rune_of_the_sky'). Using fallback gold cost: 200. Add this currency to gold_cost_table.py if the actual cost is known.
2026-05-29 17:43:09,982 [WARNING] backend.economy.gold_cost_table: Unknown currency api_id 'greater-essence-of-flames' (normalized: 'greater_essence_of_flames'). Using fallback gold cost: 200. Add this currency to gold_cost_table.py if the actual cost is known.
2026-05-29 17:43:09,982 [WARNING] backend.economy.gold_cost_table: Unknown currency api_id 'soul-core-of-tacati' (normalized: 'soul_core_of_tacati'). Using fallback gold cost: 200. Add this currency to gold_cost_table.py if the actual cost is known.
2026-05-29 17:43:09,982 [WARNING] backend.economy.gold_cost_table: Unknown currency api_id 'soul-core-of-citaqualotl' (normalized: 'soul_core_of_citaqualotl'). Using fallback gold cost: 200. Add this currency to gold_cost_table.py if the actual cost is known.
2026-05-29 17:43:09,982 [WARNING] backend.economy.gold_cost_table: Unknown currency api_id 'omen-of-abyssal-favours' (normalized: 'omen_of_abyssal_favours'). Using fallback gold cost: 200. Add this currency to gold_cost_table.py if the actual cost is known.
2026-05-29 17:43:09,983 [WARNING] backend.economy.gold_cost_table: Unknown currency api_id 'omen-of-sinistral-exaltation' (normalized: 'omen_of_sinistral_exaltation'). Using fallback gold cost: 200. Add this currency to gold_cost_table.py if the actual cost is known.
2026-05-29 17:43:09,983 [WARNING] backend.economy.gold_cost_table: Unknown currency api_id 'petition-splinter' (normalized: 'petition_splinter'). Using fallback gold cost: 200. Add this currency to gold_cost_table.py if the actual cost is known.
2026-05-29 17:43:09,983 [WARNING] backend.economy.gold_cost_table: Unknown currency api_id 'omen-of-reinforcements' (normalized: 'omen_of_reinforcements'). Using fallback gold cost: 200. Add this currency to gold_cost_table.py if the actual cost is known.
2026-05-29 17:43:09,983 [WARNING] backend.economy.gold_cost_table: Unknown currency api_id 'omen-of-greater-exaltation' (normalized: 'omen_of_greater_exaltation'). Using fallback gold cost: 200. Add this currency to gold_cost_table.py if the actual cost is known.
2026-05-29 17:43:09,983 [WARNING] backend.economy.gold_cost_table: Unknown currency api_id 'adaptive-catalyst' (normalized: 'adaptive_catalyst'). Using fallback gold cost: 200. Add this currency to gold_cost_table.py if the actual cost is known.
2026-05-29 17:43:09,983 [WARNING] backend.economy.gold_cost_table: Unknown currency api_id 'tecrods-gaze' (normalized: 'tecrods_gaze'). Using fallback gold cost: 200. Add this currency to gold_cost_table.py if the actual cost is known.
2026-05-29 17:43:09,983 [WARNING] backend.economy.gold_cost_table: Unknown currency api_id 'uncut-spirit-gem-19' (normalized: 'uncut_spirit_gem_19'). Using fallback gold cost: 200. Add this currency to gold_cost_table.py if the actual cost is known.
2026-05-29 17:43:09,983 [WARNING] backend.economy.gold_cost_table: Unknown currency api_id 'garukhans-resolve' (normalized: 'garukhans_resolve'). Using fallback gold cost: 200. Add this currency to gold_cost_table.py if the actual cost is known.
2026-05-29 17:43:09,983 [WARNING] backend.economy.gold_cost_table: Unknown currency api_id 'diluted-liquid-ire' (normalized: 'diluted_liquid_ire'). Using fallback gold cost: 200. Add this currency to gold_cost_table.py if the actual cost is known.
2026-05-29 17:43:09,985 [WARNING] backend.economy.gold_cost_table: Unknown currency api_id 'hinekoras-lock' (normalized: 'hinekoras_lock'). Using fallback gold cost: 200. Add this currency to gold_cost_table.py if the actual cost is known.
2026-05-29 17:43:09,985 [WARNING] backend.economy.gold_cost_table: Unknown currency api_id 'fracturing-orb' (normalized: 'fracturing_orb'). Using fallback gold cost: 200. Add this currency to gold_cost_table.py if the actual cost is known.
2026-05-29 17:43:09,985 [WARNING] backend.economy.gold_cost_table: Unknown currency api_id 'perfect-chaos-orb' (normalized: 'perfect_chaos_orb'). Using fallback gold cost: 200. Add this currency to gold_cost_table.py if the actual cost is known.
2026-05-29 17:43:09,985 [WARNING] backend.economy.gold_cost_table: Unknown currency api_id 'perfect-exalted-orb' (normalized: 'perfect_exalted_orb'). Using fallback gold cost: 200. Add this currency to gold_cost_table.py if the actual cost is known.
2026-05-29 17:43:09,985 [WARNING] backend.economy.gold_cost_table: Unknown currency api_id 'chance-shard' (normalized: 'chance_shard'). Using fallback gold cost: 200. Add this currency to gold_cost_table.py if the actual cost is known.
2026-05-29 17:43:09,985 [WARNING] backend.economy.gold_cost_table: Unknown currency api_id 'perfect-regal-orb' (normalized: 'perfect_regal_orb'). Using fallback gold cost: 200. Add this currency to gold_cost_table.py if the actual cost is known.
2026-05-29 17:43:09,985 [WARNING] backend.economy.gold_cost_table: Unknown currency api_id 'greater-chaos-orb' (normalized: 'greater_chaos_orb'). Using fallback gold cost: 200. Add this currency to gold_cost_table.py if the actual cost is known.
2026-05-29 17:43:09,985 [WARNING] backend.economy.gold_cost_table: Unknown currency api_id 'perfect-orb-of-augmentation' (normalized: 'perfect_orb_of_augmentation'). Using fallback gold cost: 200. Add this currency to gold_cost_table.py if the actual cost is known.
2026-05-29 17:43:09,985 [WARNING] backend.economy.gold_cost_table: Unknown currency api_id 'greater-regal-orb' (normalized: 'greater_regal_orb'). Using fallback gold cost: 200. Add this currency to gold_cost_table.py if the actual cost is known.
2026-05-29 17:43:09,985 [WARNING] backend.economy.gold_cost_table: Unknown currency api_id 'greater-exalted-orb' (normalized: 'greater_exalted_orb'). Using fallback gold cost: 200. Add this currency to gold_cost_table.py if the actual cost is known.
2026-05-29 17:43:09,985 [WARNING] backend.economy.gold_cost_table: Unknown currency api_id 'scrap' (normalized: 'scrap'). Using fallback gold cost: 200. Add this currency to gold_cost_table.py if the actual cost is known.
2026-05-29 17:43:09,985 [WARNING] backend.economy.gold_cost_table: Unknown currency api_id 'artificers-shard' (normalized: 'artificers_shard'). Using fallback gold cost: 200. Add this currency to gold_cost_table.py if the actual cost is known.
2026-05-29 17:43:09,985 [WARNING] backend.economy.gold_cost_table: Unknown currency api_id 'perfect-orb-of-transmutation' (normalized: 'perfect_orb_of_transmutation'). Using fallback gold cost: 200. Add this currency to gold_cost_table.py if the actual cost is known.
2026-05-29 17:43:09,985 [WARNING] backend.economy.gold_cost_table: Unknown currency api_id 'greater-orb-of-augmentation' (normalized: 'greater_orb_of_augmentation'). Using fallback gold cost: 200. Add this currency to gold_cost_table.py if the actual cost is known.
2026-05-29 17:43:09,985 [WARNING] backend.economy.gold_cost_table: Unknown currency api_id 'greater-orb-of-transmutation' (normalized: 'greater_orb_of_transmutation'). Using fallback gold cost: 200. Add this currency to gold_cost_table.py if the actual cost is known.
2026-05-29 17:43:09,986 [WARNING] backend.economy.gold_cost_table: Unknown currency api_id 'greater-rune-of-alacrity' (normalized: 'greater_rune_of_alacrity'). Using fallback gold cost: 200. Add this currency to gold_cost_table.py if the actual cost is known.
2026-05-29 17:43:09,986 [WARNING] backend.economy.gold_cost_table: Unknown currency api_id 'robust-rune' (normalized: 'robust_rune'). Using fallback gold cost: 200. Add this currency to gold_cost_table.py if the actual cost is known.
2026-05-29 17:43:09,986 [WARNING] backend.economy.gold_cost_table: Unknown currency api_id 'rebirth-rune' (normalized: 'rebirth_rune'). Using fallback gold cost: 200. Add this currency to gold_cost_table.py if the actual cost is known.
2026-05-29 17:43:09,986 [WARNING] backend.economy.gold_cost_table: Unknown currency api_id 'greater-rune-of-tithing' (normalized: 'greater_rune_of_tithing'). Using fallback gold cost: 200. Add this currency to gold_cost_table.py if the actual cost is known.
2026-05-29 17:43:09,986 [WARNING] backend.economy.gold_cost_table: Unknown currency api_id 'desert-rune' (normalized: 'desert_rune'). Using fallback gold cost: 200. Add this currency to gold_cost_table.py if the actual cost is known.
2026-05-29 17:43:09,986 [WARNING] backend.economy.gold_cost_table: Unknown currency api_id 'adept-rune' (normalized: 'adept_rune'). Using fallback gold cost: 200. Add this currency to gold_cost_table.py if the actual cost is known.
2026-05-29 17:43:09,986 [WARNING] backend.economy.gold_cost_table: Unknown currency api_id 'iron-rune' (normalized: 'iron_rune'). Using fallback gold cost: 200. Add this currency to gold_cost_table.py if the actual cost is known.
2026-05-29 17:43:09,986 [WARNING] backend.economy.gold_cost_table: Unknown currency api_id 'lesser-iron-rune' (normalized: 'lesser_iron_rune'). Using fallback gold cost: 200. Add this currency to gold_cost_table.py if the actual cost is known.
2026-05-29 17:43:09,986 [WARNING] backend.economy.gold_cost_table: Unknown currency api_id 'lesser-glacial-rune' (normalized: 'lesser_glacial_rune'). Using fallback gold cost: 200. Add this currency to gold_cost_table.py if the actual cost is known.
2026-05-29 17:43:09,986 [WARNING] backend.economy.gold_cost_table: Unknown currency api_id 'greater-rune-of-leadership' (normalized: 'greater_rune_of_leadership'). Using fallback gold cost: 200. Add this currency to gold_cost_table.py if the actual cost is known.
2026-05-29 17:43:09,986 [WARNING] backend.economy.gold_cost_table: Unknown currency api_id 'countess-seskes-rune-of-archery' (normalized: 'countess_seskes_rune_of_archery'). Using fallback gold cost: 200. Add this currency to gold_cost_table.py if the actual cost is known.
2026-05-29 17:43:09,986 [WARNING] backend.economy.gold_cost_table: Unknown currency api_id 'storm-rune' (normalized: 'storm_rune'). Using fallback gold cost: 200. Add this currency to gold_cost_table.py if the actual cost is known.
2026-05-29 17:43:09,986 [WARNING] backend.economy.gold_cost_table: Unknown currency api_id 'hedgewitch-assandras-rune-of-wisdom' (normalized: 'hedgewitch_assandras_rune_of_wisdom'). Using fallback gold cost: 200. Add this currency to gold_cost_table.py if the actual cost is known.
2026-05-29 17:43:09,986 [WARNING] backend.economy.gold_cost_table: Unknown currency api_id 'thane-grannells-rune-of-mastery' (normalized: 'thane_grannells_rune_of_mastery'). Using fallback gold cost: 200. Add this currency to gold_cost_table.py if the actual cost is known.
2026-05-29 17:43:09,986 [WARNING] backend.economy.gold_cost_table: Unknown currency api_id 'saqawals-rune-of-memory' (normalized: 'saqawals_rune_of_memory'). Using fallback gold cost: 200. Add this currency to gold_cost_table.py if the actual cost is known.
2026-05-29 17:43:09,986 [WARNING] backend.economy.gold_cost_table: Unknown currency api_id 'saqawals-rune-of-erosion' (normalized: 'saqawals_rune_of_erosion'). Using fallback gold cost: 200. Add this currency to gold_cost_table.py if the actual cost is known.
2026-05-29 17:43:09,986 [WARNING] backend.economy.gold_cost_table: Unknown currency api_id 'greater-robust-rune' (normalized: 'greater_robust_rune'). Using fallback gold cost: 200. Add this currency to gold_cost_table.py if the actual cost is known.
2026-05-29 17:43:09,986 [WARNING] backend.economy.gold_cost_table: Unknown currency api_id 'greater-rune-of-nobility' (normalized: 'greater_rune_of_nobility'). Using fallback gold cost: 200. Add this currency to gold_cost_table.py if the actual cost is known.
2026-05-29 17:43:09,986 [WARNING] backend.economy.gold_cost_table: Unknown currency api_id 'fenumus-rune-of-draining' (normalized: 'fenumus_rune_of_draining'). Using fallback gold cost: 200. Add this currency to gold_cost_table.py if the actual cost is known.
2026-05-29 17:43:09,986 [WARNING] backend.economy.gold_cost_table: Unknown currency api_id 'saqawals-rune-of-the-sky' (normalized: 'saqawals_rune_of_the_sky'). Using fallback gold cost: 200. Add this currency to gold_cost_table.py if the actual cost is known.
2026-05-29 17:43:09,986 [WARNING] backend.economy.gold_cost_table: Unknown currency api_id 'lesser-rebirth-rune' (normalized: 'lesser_rebirth_rune'). Using fallback gold cost: 200. Add this currency to gold_cost_table.py if the actual cost is known.
2026-05-29 17:43:09,986 [WARNING] backend.economy.gold_cost_table: Unknown currency api_id 'lesser-mind-rune' (normalized: 'lesser_mind_rune'). Using fallback gold cost: 200. Add this currency to gold_cost_table.py if the actual cost is known.
2026-05-29 17:43:09,986 [WARNING] backend.economy.gold_cost_table: Unknown currency api_id 'lesser-adept-rune' (normalized: 'lesser_adept_rune'). Using fallback gold cost: 200. Add this currency to gold_cost_table.py if the actual cost is known.
2026-05-29 17:43:09,986 [WARNING] backend.economy.gold_cost_table: Unknown currency api_id 'lesser-storm-rune' (normalized: 'lesser_storm_rune'). Using fallback gold cost: 200. Add this currency to gold_cost_table.py if the actual cost is known.
2026-05-29 17:43:09,986 [WARNING] backend.economy.gold_cost_table: Unknown currency api_id 'body-rune' (normalized: 'body_rune'). Using fallback gold cost: 200. Add this currency to gold_cost_table.py if the actual cost is known.
2026-05-29 17:43:09,986 [WARNING] backend.economy.gold_cost_table: Unknown currency api_id 'farruls-rune-of-the-chase' (normalized: 'farruls_rune_of_the_chase'). Using fallback gold cost: 200. Add this currency to gold_cost_table.py if the actual cost is known.
2026-05-29 17:43:09,986 [WARNING] backend.economy.gold_cost_table: Unknown currency api_id 'lesser-desert-rune' (normalized: 'lesser_desert_rune'). Using fallback gold cost: 200. Add this currency to gold_cost_table.py if the actual cost is known.
2026-05-29 17:43:09,986 [WARNING] backend.economy.gold_cost_table: Unknown currency api_id 'courtesan-mannans-rune-of-cruelty' (normalized: 'courtesan_mannans_rune_of_cruelty'). Using fallback gold cost: 200. Add this currency to gold_cost_table.py if the actual cost is known.
2026-05-29 17:43:09,986 [WARNING] backend.economy.gold_cost_table: Unknown currency api_id 'greater-adept-rune' (normalized: 'greater_adept_rune'). Using fallback gold cost: 200. Add this currency to gold_cost_table.py if the actual cost is known.
2026-05-29 17:43:09,986 [WARNING] backend.economy.gold_cost_table: Unknown currency api_id 'the-greatwolfs-rune-of-claws' (normalized: 'the_greatwolfs_rune_of_claws'). Using fallback gold cost: 200. Add this currency to gold_cost_table.py if the actual cost is known.
2026-05-29 17:43:09,986 [WARNING] backend.economy.gold_cost_table: Unknown currency api_id 'inspiration-rune' (normalized: 'inspiration_rune'). Using fallback gold cost: 200. Add this currency to gold_cost_table.py if the actual cost is known.
2026-05-29 17:43:09,986 [WARNING] backend.economy.gold_cost_table: Unknown currency api_id 'greater-iron-rune' (normalized: 'greater_iron_rune'). Using fallback gold cost: 200. Add this currency to gold_cost_table.py if the actual cost is known.
2026-05-29 17:43:09,986 [WARNING] backend.economy.gold_cost_table: Unknown currency api_id 'farruls-rune-of-the-hunt' (normalized: 'farruls_rune_of_the_hunt'). Using fallback gold cost: 200. Add this currency to gold_cost_table.py if the actual cost is known.
2026-05-29 17:43:09,986 [WARNING] backend.economy.gold_cost_table: Unknown currency api_id 'lesser-vision-rune' (normalized: 'lesser_vision_rune'). Using fallback gold cost: 200. Add this currency to gold_cost_table.py if the actual cost is known.
2026-05-29 17:43:09,987 [WARNING] backend.economy.gold_cost_table: Unknown currency api_id 'thane-lelds-rune-of-spring' (normalized: 'thane_lelds_rune_of_spring'). Using fallback gold cost: 200. Add this currency to gold_cost_table.py if the actual cost is known.
2026-05-29 17:43:09,987 [WARNING] backend.economy.gold_cost_table: Unknown currency api_id 'thane-girts-rune-of-wildness' (normalized: 'thane_girts_rune_of_wildness'). Using fallback gold cost: 200. Add this currency to gold_cost_table.py if the actual cost is known.
2026-05-29 17:43:09,987 [WARNING] backend.economy.gold_cost_table: Unknown currency api_id 'craiceanns-rune-of-warding' (normalized: 'craiceanns_rune_of_warding'). Using fallback gold cost: 200. Add this currency to gold_cost_table.py if the actual cost is known.
2026-05-29 17:43:09,987 [WARNING] backend.economy.gold_cost_table: Unknown currency api_id 'lady-hestras-rune-of-winter' (normalized: 'lady_hestras_rune_of_winter'). Using fallback gold cost: 200. Add this currency to gold_cost_table.py if the actual cost is known.
2026-05-29 17:43:09,987 [WARNING] backend.economy.gold_cost_table: Unknown currency api_id 'farruls-rune-of-grace' (normalized: 'farruls_rune_of_grace'). Using fallback gold cost: 200. Add this currency to gold_cost_table.py if the actual cost is known.
2026-05-29 17:43:09,987 [WARNING] backend.economy.gold_cost_table: Unknown currency api_id 'fenumus-rune-of-agony' (normalized: 'fenumus_rune_of_agony'). Using fallback gold cost: 200. Add this currency to gold_cost_table.py if the actual cost is known.
2026-05-29 17:43:09,987 [WARNING] backend.economy.gold_cost_table: Unknown currency api_id 'fenumus-rune-of-spinning' (normalized: 'fenumus_rune_of_spinning'). Using fallback gold cost: 200. Add this currency to gold_cost_table.py if the actual cost is known.
2026-05-29 17:43:09,987 [WARNING] backend.economy.gold_cost_table: Unknown currency api_id 'lesser-body-rune' (normalized: 'lesser_body_rune'). Using fallback gold cost: 200. Add this currency to gold_cost_table.py if the actual cost is known.
2026-05-29 17:43:09,987 [WARNING] backend.economy.gold_cost_table: Unknown currency api_id 'greater-body-rune' (normalized: 'greater_body_rune'). Using fallback gold cost: 200. Add this currency to gold_cost_table.py if the actual cost is known.
2026-05-29 17:43:09,987 [WARNING] backend.economy.gold_cost_table: Unknown currency api_id 'craiceanns-rune-of-recovery' (normalized: 'craiceanns_rune_of_recovery'). Using fallback gold cost: 200. Add this currency to gold_cost_table.py if the actual cost is known.
2026-05-29 17:43:09,987 [WARNING] backend.economy.gold_cost_table: Unknown currency api_id 'thane-myrks-rune-of-summer' (normalized: 'thane_myrks_rune_of_summer'). Using fallback gold cost: 200. Add this currency to gold_cost_table.py if the actual cost is known.
2026-05-29 17:43:09,987 [WARNING] backend.economy.gold_cost_table: Unknown currency api_id 'the-greatwolfs-rune-of-willpower' (normalized: 'the_greatwolfs_rune_of_willpower'). Using fallback gold cost: 200. Add this currency to gold_cost_table.py if the actual cost is known.
2026-05-29 17:43:09,987 [WARNING] backend.economy.gold_cost_table: Unknown currency api_id 'greater-resolve-rune' (normalized: 'greater_resolve_rune'). Using fallback gold cost: 200. Add this currency to gold_cost_table.py if the actual cost is known.
2026-05-29 17:43:09,987 [WARNING] backend.economy.gold_cost_table: Unknown currency api_id 'lesser-stone-rune' (normalized: 'lesser_stone_rune'). Using fallback gold cost: 200. Add this currency to gold_cost_table.py if the actual cost is known.
2026-05-29 17:43:09,987 [WARNING] backend.economy.gold_cost_table: Unknown currency api_id 'greater-storm-rune' (normalized: 'greater_storm_rune'). Using fallback gold cost: 200. Add this currency to gold_cost_table.py if the actual cost is known.
2026-05-29 17:43:09,987 [WARNING] backend.economy.gold_cost_table: Unknown currency api_id 'greater-vision-rune' (normalized: 'greater_vision_rune'). Using fallback gold cost: 200. Add this currency to gold_cost_table.py if the actual cost is known.
2026-05-29 17:43:09,987 [WARNING] backend.economy.gold_cost_table: Unknown currency api_id 'greater-glacial-rune' (normalized: 'greater_glacial_rune'). Using fallback gold cost: 200. Add this currency to gold_cost_table.py if the actual cost is known.
2026-05-29 17:43:09,987 [WARNING] backend.economy.gold_cost_table: Unknown currency api_id 'greater-desert-rune' (normalized: 'greater_desert_rune'). Using fallback gold cost: 200. Add this currency to gold_cost_table.py if the actual cost is known.
2026-05-29 17:43:09,987 [WARNING] backend.economy.gold_cost_table: Unknown currency api_id 'greater-stone-rune' (normalized: 'greater_stone_rune'). Using fallback gold cost: 200. Add this currency to gold_cost_table.py if the actual cost is known.
2026-05-29 17:43:09,987 [WARNING] backend.economy.gold_cost_table: Unknown currency api_id 'mind-rune' (normalized: 'mind_rune'). Using fallback gold cost: 200. Add this currency to gold_cost_table.py if the actual cost is known.
2026-05-29 17:43:09,987 [WARNING] backend.economy.gold_cost_table: Unknown currency api_id 'vision-rune' (normalized: 'vision_rune'). Using fallback gold cost: 200. Add this currency to gold_cost_table.py if the actual cost is known.
2026-05-29 17:43:09,987 [WARNING] backend.economy.gold_cost_table: Unknown currency api_id 'lesser-resolve-rune' (normalized: 'lesser_resolve_rune'). Using fallback gold cost: 200. Add this currency to gold_cost_table.py if the actual cost is known.
2026-05-29 17:43:09,987 [WARNING] backend.economy.gold_cost_table: Unknown currency api_id 'greater-inspiration-rune' (normalized: 'greater_inspiration_rune'). Using fallback gold cost: 200. Add this currency to gold_cost_table.py if the actual cost is known.
2026-05-29 17:43:09,987 [WARNING] backend.economy.gold_cost_table: Unknown currency api_id 'lesser-inspiration-rune' (normalized: 'lesser_inspiration_rune'). Using fallback gold cost: 200. Add this currency to gold_cost_table.py if the actual cost is known.
2026-05-29 17:43:09,987 [WARNING] backend.economy.gold_cost_table: Unknown currency api_id 'greater-mind-rune' (normalized: 'greater_mind_rune'). Using fallback gold cost: 200. Add this currency to gold_cost_table.py if the actual cost is known.
2026-05-29 17:43:09,987 [WARNING] backend.economy.gold_cost_table: Unknown currency api_id 'stone-rune' (normalized: 'stone_rune'). Using fallback gold cost: 200. Add this currency to gold_cost_table.py if the actual cost is known.
2026-05-29 17:43:09,987 [WARNING] backend.economy.gold_cost_table: Unknown currency api_id 'greater-rebirth-rune' (normalized: 'greater_rebirth_rune'). Using fallback gold cost: 200. Add this currency to gold_cost_table.py if the actual cost is known.
2026-05-29 17:43:09,987 [WARNING] backend.economy.gold_cost_table: Unknown currency api_id 'glacial-rune' (normalized: 'glacial_rune'). Using fallback gold cost: 200. Add this currency to gold_cost_table.py if the actual cost is known.
2026-05-29 17:43:09,987 [WARNING] backend.economy.gold_cost_table: Unknown currency api_id 'resolve-rune' (normalized: 'resolve_rune'). Using fallback gold cost: 200. Add this currency to gold_cost_table.py if the actual cost is known.
2026-05-29 17:43:09,987 [WARNING] backend.economy.gold_cost_table: Unknown currency api_id 'lesser-robust-rune' (normalized: 'lesser_robust_rune'). Using fallback gold cost: 200. Add this currency to gold_cost_table.py if the actual cost is known.
2026-05-29 17:43:09,987 [WARNING] backend.economy.gold_cost_table: Unknown currency api_id 'xopecs-soul-core-of-power' (normalized: 'xopecs_soul_core_of_power'). Using fallback gold cost: 200. Add this currency to gold_cost_table.py if the actual cost is known.
2026-05-29 17:43:09,987 [WARNING] backend.economy.gold_cost_table: Unknown currency api_id 'opilotis-soul-core-of-assault' (normalized: 'opilotis_soul_core_of_assault'). Using fallback gold cost: 200. Add this currency to gold_cost_table.py if the actual cost is known.
2026-05-29 17:43:09,987 [WARNING] backend.economy.gold_cost_table: Unknown currency api_id 'soul-core-of-quipolatl' (normalized: 'soul_core_of_quipolatl'). Using fallback gold cost: 200. Add this currency to gold_cost_table.py if the actual cost is known.
2026-05-29 17:43:09,987 [WARNING] backend.economy.gold_cost_table: Unknown currency api_id 'soul-core-of-jiquani' (normalized: 'soul_core_of_jiquani'). Using fallback gold cost: 200. Add this currency to gold_cost_table.py if the actual cost is known.
2026-05-29 17:43:09,988 [WARNING] backend.economy.gold_cost_table: Unknown currency api_id 'guatelitzis-soul-core-of-endurance' (normalized: 'guatelitzis_soul_core_of_endurance'). Using fallback gold cost: 200. Add this currency to gold_cost_table.py if the actual cost is known.
2026-05-29 17:43:09,988 [WARNING] backend.economy.gold_cost_table: Unknown currency api_id 'soul-core-of-ticaba' (normalized: 'soul_core_of_ticaba'). Using fallback gold cost: 200. Add this currency to gold_cost_table.py if the actual cost is known.
2026-05-29 17:43:09,988 [WARNING] backend.economy.gold_cost_table: Unknown currency api_id 'soul-core-of-azcapa' (normalized: 'soul_core_of_azcapa'). Using fallback gold cost: 200. Add this currency to gold_cost_table.py if the actual cost is known.
2026-05-29 17:43:09,988 [WARNING] backend.economy.gold_cost_table: Unknown currency api_id 'soul-core-of-zalatl' (normalized: 'soul_core_of_zalatl'). Using fallback gold cost: 200. Add this currency to gold_cost_table.py if the actual cost is known.
2026-05-29 17:43:09,988 [WARNING] backend.economy.gold_cost_table: Unknown currency api_id 'estazuntis-soul-core-of-convalescence' (normalized: 'estazuntis_soul_core_of_convalescence'). Using fallback gold cost: 200. Add this currency to gold_cost_table.py if the actual cost is known.
2026-05-29 17:43:09,988 [WARNING] backend.economy.gold_cost_table: Unknown currency api_id 'quipolatls-soul-core-of-flow' (normalized: 'quipolatls_soul_core_of_flow'). Using fallback gold cost: 200. Add this currency to gold_cost_table.py if the actual cost is known.
2026-05-29 17:43:09,988 [WARNING] backend.economy.gold_cost_table: Unknown currency api_id 'cholotls-soul-core-of-war' (normalized: 'cholotls_soul_core_of_war'). Using fallback gold cost: 200. Add this currency to gold_cost_table.py if the actual cost is known.
2026-05-29 17:43:09,988 [WARNING] backend.economy.gold_cost_table: Unknown currency api_id 'soul-core-of-atmohua' (normalized: 'soul_core_of_atmohua'). Using fallback gold cost: 200. Add this currency to gold_cost_table.py if the actual cost is known.
2026-05-29 17:43:09,988 [WARNING] backend.economy.gold_cost_table: Unknown currency api_id 'soul-core-of-cholotl' (normalized: 'soul_core_of_cholotl'). Using fallback gold cost: 200. Add this currency to gold_cost_table.py if the actual cost is known.
2026-05-29 17:43:09,988 [WARNING] backend.economy.gold_cost_table: Unknown currency api_id 'tacatis-soul-core-of-affliction' (normalized: 'tacatis_soul_core_of_affliction'). Using fallback gold cost: 200. Add this currency to gold_cost_table.py if the actual cost is known.
2026-05-29 17:43:09,988 [WARNING] backend.economy.gold_cost_table: Unknown currency api_id 'tzamotos-soul-core-of-ferocity' (normalized: 'tzamotos_soul_core_of_ferocity'). Using fallback gold cost: 200. Add this currency to gold_cost_table.py if the actual cost is known.
2026-05-29 17:43:09,988 [WARNING] backend.economy.gold_cost_table: Unknown currency api_id 'uromotis-soul-core-of-attenuation' (normalized: 'uromotis_soul_core_of_attenuation'). Using fallback gold cost: 200. Add this currency to gold_cost_table.py if the actual cost is known.
2026-05-29 17:43:09,988 [WARNING] backend.economy.gold_cost_table: Unknown currency api_id 'soul-core-of-citaqualotl' (normalized: 'soul_core_of_citaqualotl'). Using fallback gold cost: 200. Add this currency to gold_cost_table.py if the actual cost is known.
2026-05-29 17:43:09,988 [WARNING] backend.economy.gold_cost_table: Unknown currency api_id 'soul-core-of-puhuarte' (normalized: 'soul_core_of_puhuarte'). Using fallback gold cost: 200. Add this currency to gold_cost_table.py if the actual cost is known.
2026-05-29 17:43:09,988 [WARNING] backend.economy.gold_cost_table: Unknown currency api_id 'soul-core-of-tzamoto' (normalized: 'soul_core_of_tzamoto'). Using fallback gold cost: 200. Add this currency to gold_cost_table.py if the actual cost is known.
2026-05-29 17:43:09,988 [WARNING] backend.economy.gold_cost_table: Unknown currency api_id 'xipocados-soul-core-of-dominion' (normalized: 'xipocados_soul_core_of_dominion'). Using fallback gold cost: 200. Add this currency to gold_cost_table.py if the actual cost is known.
2026-05-29 17:43:09,988 [WARNING] backend.economy.gold_cost_table: Unknown currency api_id 'topotantes-soul-core-of-dampening' (normalized: 'topotantes_soul_core_of_dampening'). Using fallback gold cost: 200. Add this currency to gold_cost_table.py if the actual cost is known.
2026-05-29 17:43:09,988 [WARNING] backend.economy.gold_cost_table: Unknown currency api_id 'hayoxis-soul-core-of-heatproofing' (normalized: 'hayoxis_soul_core_of_heatproofing'). Using fallback gold cost: 200. Add this currency to gold_cost_table.py if the actual cost is known.
2026-05-29 17:43:09,988 [WARNING] backend.economy.gold_cost_table: Unknown currency api_id 'citaqualotls-soul-core-of-foulness' (normalized: 'citaqualotls_soul_core_of_foulness'). Using fallback gold cost: 200. Add this currency to gold_cost_table.py if the actual cost is known.
2026-05-29 17:43:09,988 [WARNING] backend.economy.gold_cost_table: Unknown currency api_id 'zalatls-soul-core-of-insulation' (normalized: 'zalatls_soul_core_of_insulation'). Using fallback gold cost: 200. Add this currency to gold_cost_table.py if the actual cost is known.
2026-05-29 17:43:09,988 [WARNING] backend.economy.gold_cost_table: Unknown currency api_id 'soul-core-of-tacati' (normalized: 'soul_core_of_tacati'). Using fallback gold cost: 200. Add this currency to gold_cost_table.py if the actual cost is known.
2026-05-29 17:43:09,988 [WARNING] backend.economy.gold_cost_table: Unknown currency api_id 'atmohuas-soul-core-of-retreat' (normalized: 'atmohuas_soul_core_of_retreat'). Using fallback gold cost: 200. Add this currency to gold_cost_table.py if the actual cost is known.
2026-05-29 17:43:09,988 [WARNING] backend.economy.gold_cost_table: Unknown currency api_id 'soul-core-of-zantipi' (normalized: 'soul_core_of_zantipi'). Using fallback gold cost: 200. Add this currency to gold_cost_table.py if the actual cost is known.
2026-05-29 17:43:09,988 [WARNING] backend.economy.gold_cost_table: Unknown currency api_id 'soul-core-of-topotante' (normalized: 'soul_core_of_topotante'). Using fallback gold cost: 200. Add this currency to gold_cost_table.py if the actual cost is known.
2026-05-29 17:43:09,988 [WARNING] backend.economy.gold_cost_table: Unknown currency api_id 'soul-core-of-opiloti' (normalized: 'soul_core_of_opiloti'). Using fallback gold cost: 200. Add this currency to gold_cost_table.py if the actual cost is known.
2026-05-29 17:43:09,988 [WARNING] backend.economy.gold_cost_table: Unknown currency api_id 'soul-core-of-xopec' (normalized: 'soul_core_of_xopec'). Using fallback gold cost: 200. Add this currency to gold_cost_table.py if the actual cost is known.
2026-05-29 17:43:09,988 [WARNING] backend.economy.gold_cost_table: Unknown currency api_id 'sun-artifact' (normalized: 'sun_artifact'). Using fallback gold cost: 200. Add this currency to gold_cost_table.py if the actual cost is known.
2026-05-29 17:43:09,988 [WARNING] backend.economy.gold_cost_table: Unknown currency api_id 'black-scythe-artifact' (normalized: 'black_scythe_artifact'). Using fallback gold cost: 200. Add this currency to gold_cost_table.py if the actual cost is known.
2026-05-29 17:43:09,988 [WARNING] backend.economy.gold_cost_table: Unknown currency api_id 'broken-circle-artifact' (normalized: 'broken_circle_artifact'). Using fallback gold cost: 200. Add this currency to gold_cost_table.py if the actual cost is known.
2026-05-29 17:43:09,988 [WARNING] backend.economy.gold_cost_table: Unknown currency api_id 'exotic-coinage' (normalized: 'exotic_coinage'). Using fallback gold cost: 200. Add this currency to gold_cost_table.py if the actual cost is known.
2026-05-29 17:43:09,988 [WARNING] backend.economy.gold_cost_table: Unknown currency api_id 'order-artifact' (normalized: 'order_artifact'). Using fallback gold cost: 200. Add this currency to gold_cost_table.py if the actual cost is known.
2026-05-29 17:43:09,989 [WARNING] backend.economy.gold_cost_table: Unknown currency api_id 'omen-of-whittling' (normalized: 'omen_of_whittling'). Using fallback gold cost: 200. Add this currency to gold_cost_table.py if the actual cost is known.
2026-05-29 17:43:09,989 [WARNING] backend.economy.gold_cost_table: Unknown currency api_id 'omen-of-sinistral-erasure' (normalized: 'omen_of_sinistral_erasure'). Using fallback gold cost: 200. Add this currency to gold_cost_table.py if the actual cost is known.
2026-05-29 17:43:09,989 [WARNING] backend.economy.gold_cost_table: Unknown currency api_id 'omen-of-dextral-annulment' (normalized: 'omen_of_dextral_annulment'). Using fallback gold cost: 200. Add this currency to gold_cost_table.py if the actual cost is known.
2026-05-29 17:43:09,989 [WARNING] backend.economy.gold_cost_table: Unknown currency api_id 'omen-of-sinistral-annulment' (normalized: 'omen_of_sinistral_annulment'). Using fallback gold cost: 200. Add this currency to gold_cost_table.py if the actual cost is known.
2026-05-29 17:43:09,989 [WARNING] backend.economy.gold_cost_table: Unknown currency api_id 'omen-of-dextral-erasure' (normalized: 'omen_of_dextral_erasure'). Using fallback gold cost: 200. Add this currency to gold_cost_table.py if the actual cost is known.
2026-05-29 17:43:09,989 [WARNING] backend.economy.gold_cost_table: Unknown currency api_id 'omen-of-light' (normalized: 'omen_of_light'). Using fallback gold cost: 200. Add this currency to gold_cost_table.py if the actual cost is known.
2026-05-29 17:43:09,989 [WARNING] backend.economy.gold_cost_table: Unknown currency api_id 'omen-of-chance' (normalized: 'omen_of_chance'). Using fallback gold cost: 200. Add this currency to gold_cost_table.py if the actual cost is known.
2026-05-29 17:43:09,989 [WARNING] backend.economy.gold_cost_table: Unknown currency api_id 'omen-of-corruption' (normalized: 'omen_of_corruption'). Using fallback gold cost: 200. Add this currency to gold_cost_table.py if the actual cost is known.
2026-05-29 17:43:09,989 [WARNING] backend.economy.gold_cost_table: Unknown currency api_id 'omen-of-sanctification' (normalized: 'omen_of_sanctification'). Using fallback gold cost: 200. Add this currency to gold_cost_table.py if the actual cost is known.
2026-05-29 17:43:09,989 [WARNING] backend.economy.gold_cost_table: Unknown currency api_id 'omen-of-the-blessed' (normalized: 'omen_of_the_blessed'). Using fallback gold cost: 200. Add this currency to gold_cost_table.py if the actual cost is known.
2026-05-29 17:43:09,989 [WARNING] backend.economy.gold_cost_table: Unknown currency api_id 'omen-of-abyssal-favours' (normalized: 'omen_of_abyssal_favours'). Using fallback gold cost: 200. Add this currency to gold_cost_table.py if the actual cost is known.
2026-05-29 17:43:09,989 [WARNING] backend.economy.gold_cost_table: Unknown currency api_id 'omen-of-the-hunt' (normalized: 'omen_of_the_hunt'). Using fallback gold cost: 200. Add this currency to gold_cost_table.py if the actual cost is known.
2026-05-29 17:43:09,989 [WARNING] backend.economy.gold_cost_table: Unknown currency api_id 'omen-of-dextral-crystallisation' (normalized: 'omen_of_dextral_crystallisation'). Using fallback gold cost: 200. Add this currency to gold_cost_table.py if the actual cost is known.
2026-05-29 17:43:09,989 [WARNING] backend.economy.gold_cost_table: Unknown currency api_id 'omen-of-the-blackblooded' (normalized: 'omen_of_the_blackblooded'). Using fallback gold cost: 200. Add this currency to gold_cost_table.py if the actual cost is known.
2026-05-29 17:43:09,989 [WARNING] backend.economy.gold_cost_table: Unknown currency api_id 'omen-of-secret-compartments' (normalized: 'omen_of_secret_compartments'). Using fallback gold cost: 200. Add this currency to gold_cost_table.py if the actual cost is known.
2026-05-29 17:43:09,989 [WARNING] backend.economy.gold_cost_table: Unknown currency api_id 'omen-of-sinistral-crystallisation' (normalized: 'omen_of_sinistral_crystallisation'). Using fallback gold cost: 200. Add this currency to gold_cost_table.py if the actual cost is known.
2026-05-29 17:43:09,989 [WARNING] backend.economy.gold_cost_table: Unknown currency api_id 'omen-of-putrefaction' (normalized: 'omen_of_putrefaction'). Using fallback gold cost: 200. Add this currency to gold_cost_table.py if the actual cost is known.
2026-05-29 17:43:09,989 [WARNING] backend.economy.gold_cost_table: Unknown currency api_id 'omen-of-reinforcements' (normalized: 'omen_of_reinforcements'). Using fallback gold cost: 200. Add this currency to gold_cost_table.py if the actual cost is known.
2026-05-29 17:43:09,989 [WARNING] backend.economy.gold_cost_table: Unknown currency api_id 'omen-of-sinistral-exaltation' (normalized: 'omen_of_sinistral_exaltation'). Using fallback gold cost: 200. Add this currency to gold_cost_table.py if the actual cost is known.
2026-05-29 17:43:09,989 [WARNING] backend.economy.gold_cost_table: Unknown currency api_id 'omen-of-bartering' (normalized: 'omen_of_bartering'). Using fallback gold cost: 200. Add this currency to gold_cost_table.py if the actual cost is known.
2026-05-29 17:43:09,989 [WARNING] backend.economy.gold_cost_table: Unknown currency api_id 'omen-of-the-ancients' (normalized: 'omen_of_the_ancients'). Using fallback gold cost: 200. Add this currency to gold_cost_table.py if the actual cost is known.
2026-05-29 17:43:09,989 [WARNING] backend.economy.gold_cost_table: Unknown currency api_id 'omen-of-sinistral-necromancy' (normalized: 'omen_of_sinistral_necromancy'). Using fallback gold cost: 200. Add this currency to gold_cost_table.py if the actual cost is known.
2026-05-29 17:43:09,989 [WARNING] backend.economy.gold_cost_table: Unknown currency api_id 'omen-of-catalysing-exaltation' (normalized: 'omen_of_catalysing_exaltation'). Using fallback gold cost: 200. Add this currency to gold_cost_table.py if the actual cost is known.
2026-05-29 17:43:09,989 [WARNING] backend.economy.gold_cost_table: Unknown currency api_id 'omen-of-amelioration' (normalized: 'omen_of_amelioration'). Using fallback gold cost: 200. Add this currency to gold_cost_table.py if the actual cost is known.
2026-05-29 17:43:09,989 [WARNING] backend.economy.gold_cost_table: Unknown currency api_id 'omen-of-recombination' (normalized: 'omen_of_recombination'). Using fallback gold cost: 200. Add this currency to gold_cost_table.py if the actual cost is known.
2026-05-29 17:43:09,989 [WARNING] backend.economy.gold_cost_table: Unknown currency api_id 'omen-of-chaotic-monsters' (normalized: 'omen_of_chaotic_monsters'). Using fallback gold cost: 200. Add this currency to gold_cost_table.py if the actual cost is known.
2026-05-29 17:43:09,989 [WARNING] backend.economy.gold_cost_table: Unknown currency api_id 'omen-of-dextral-exaltation' (normalized: 'omen_of_dextral_exaltation'). Using fallback gold cost: 200. Add this currency to gold_cost_table.py if the actual cost is known.
2026-05-29 17:43:09,989 [WARNING] backend.economy.gold_cost_table: Unknown currency api_id 'omen-of-dextral-necromancy' (normalized: 'omen_of_dextral_necromancy'). Using fallback gold cost: 200. Add this currency to gold_cost_table.py if the actual cost is known.
2026-05-29 17:43:09,989 [WARNING] backend.economy.gold_cost_table: Unknown currency api_id 'omen-of-chaotic-rarity' (normalized: 'omen_of_chaotic_rarity'). Using fallback gold cost: 200. Add this currency to gold_cost_table.py if the actual cost is known.
2026-05-29 17:43:09,989 [WARNING] backend.economy.gold_cost_table: Unknown currency api_id 'omen-of-chaotic-quantity' (normalized: 'omen_of_chaotic_quantity'). Using fallback gold cost: 200. Add this currency to gold_cost_table.py if the actual cost is known.
2026-05-29 17:43:09,989 [WARNING] backend.economy.gold_cost_table: Unknown currency api_id 'omen-of-the-sovereign' (normalized: 'omen_of_the_sovereign'). Using fallback gold cost: 200. Add this currency to gold_cost_table.py if the actual cost is known.
2026-05-29 17:43:09,990 [WARNING] backend.economy.gold_cost_table: Unknown currency api_id 'omen-of-greater-exaltation' (normalized: 'omen_of_greater_exaltation'). Using fallback gold cost: 200. Add this currency to gold_cost_table.py if the actual cost is known.
2026-05-29 17:43:09,990 [WARNING] backend.economy.gold_cost_table: Unknown currency api_id 'omen-of-the-liege' (normalized: 'omen_of_the_liege'). Using fallback gold cost: 200. Add this currency to gold_cost_table.py if the actual cost is known.
2026-05-29 17:43:09,990 [WARNING] backend.economy.gold_cost_table: Unknown currency api_id 'omen-of-refreshment' (normalized: 'omen_of_refreshment'). Using fallback gold cost: 200. Add this currency to gold_cost_table.py if the actual cost is known.
2026-05-29 17:43:09,990 [WARNING] backend.economy.gold_cost_table: Unknown currency api_id 'omen-of-gambling' (normalized: 'omen_of_gambling'). Using fallback gold cost: 200. Add this currency to gold_cost_table.py if the actual cost is known.
2026-05-29 17:43:09,990 [WARNING] backend.economy.gold_cost_table: Unknown currency api_id 'omen-of-resurgence' (normalized: 'omen_of_resurgence'). Using fallback gold cost: 200. Add this currency to gold_cost_table.py if the actual cost is known.
2026-05-29 17:43:09,990 [WARNING] backend.economy.gold_cost_table: Unknown currency api_id 'omen-of-answered-prayers' (normalized: 'omen_of_answered_prayers'). Using fallback gold cost: 200. Add this currency to gold_cost_table.py if the actual cost is known.
2026-05-29 17:43:09,990 [WARNING] backend.economy.gold_cost_table: Unknown currency api_id 'petition-splinter' (normalized: 'petition_splinter'). Using fallback gold cost: 200. Add this currency to gold_cost_table.py if the actual cost is known.
2026-05-29 17:43:09,990 [WARNING] backend.economy.gold_cost_table: Unknown currency api_id 'eshs-catalyst' (normalized: 'eshs_catalyst'). Using fallback gold cost: 200. Add this currency to gold_cost_table.py if the actual cost is known.
2026-05-29 17:43:09,990 [WARNING] backend.economy.gold_cost_table: Unknown currency api_id 'reaver-catalyst' (normalized: 'reaver_catalyst'). Using fallback gold cost: 200. Add this currency to gold_cost_table.py if the actual cost is known.
2026-05-29 17:43:09,990 [WARNING] backend.economy.gold_cost_table: Unknown currency api_id 'sibilant-catalyst' (normalized: 'sibilant_catalyst'). Using fallback gold cost: 200. Add this currency to gold_cost_table.py if the actual cost is known.
2026-05-29 17:43:09,990 [WARNING] backend.economy.gold_cost_table: Unknown currency api_id 'neural-catalyst' (normalized: 'neural_catalyst'). Using fallback gold cost: 200. Add this currency to gold_cost_table.py if the actual cost is known.
2026-05-29 17:43:09,990 [WARNING] backend.economy.gold_cost_table: Unknown currency api_id 'skittering-catalyst' (normalized: 'skittering_catalyst'). Using fallback gold cost: 200. Add this currency to gold_cost_table.py if the actual cost is known.
2026-05-29 17:43:09,990 [WARNING] backend.economy.gold_cost_table: Unknown currency api_id 'tuls-catalyst' (normalized: 'tuls_catalyst'). Using fallback gold cost: 200. Add this currency to gold_cost_table.py if the actual cost is known.
2026-05-29 17:43:09,990 [WARNING] backend.economy.gold_cost_table: Unknown currency api_id 'xophs-catalyst' (normalized: 'xophs_catalyst'). Using fallback gold cost: 200. Add this currency to gold_cost_table.py if the actual cost is known.
2026-05-29 17:43:09,990 [WARNING] backend.economy.gold_cost_table: Unknown currency api_id 'chayulas-catalyst' (normalized: 'chayulas_catalyst'). Using fallback gold cost: 200. Add this currency to gold_cost_table.py if the actual cost is known.
2026-05-29 17:43:09,990 [WARNING] backend.economy.gold_cost_table: Unknown currency api_id 'adaptive-catalyst' (normalized: 'adaptive_catalyst'). Using fallback gold cost: 200. Add this currency to gold_cost_table.py if the actual cost is known.
2026-05-29 17:43:09,990 [WARNING] backend.economy.gold_cost_table: Unknown currency api_id 'carapace-catalyst' (normalized: 'carapace_catalyst'). Using fallback gold cost: 200. Add this currency to gold_cost_table.py if the actual cost is known.
2026-05-29 17:43:09,990 [WARNING] backend.economy.gold_cost_table: Unknown currency api_id 'uul-netols-catalyst' (normalized: 'uul_netols_catalyst'). Using fallback gold cost: 200. Add this currency to gold_cost_table.py if the actual cost is known.
2026-05-29 17:43:09,990 [WARNING] backend.economy.gold_cost_table: Unknown currency api_id 'flesh-catalyst' (normalized: 'flesh_catalyst'). Using fallback gold cost: 200. Add this currency to gold_cost_table.py if the actual cost is known.
2026-05-29 17:43:09,990 [WARNING] backend.economy.gold_cost_table: Unknown currency api_id 'ancient-jawbone' (normalized: 'ancient_jawbone'). Using fallback gold cost: 200. Add this currency to gold_cost_table.py if the actual cost is known.
2026-05-29 17:43:09,990 [WARNING] backend.economy.gold_cost_table: Unknown currency api_id 'ancient-collarbone' (normalized: 'ancient_collarbone'). Using fallback gold cost: 200. Add this currency to gold_cost_table.py if the actual cost is known.
2026-05-29 17:43:09,990 [WARNING] backend.economy.gold_cost_table: Unknown currency api_id 'tecrods-gaze' (normalized: 'tecrods_gaze'). Using fallback gold cost: 200. Add this currency to gold_cost_table.py if the actual cost is known.
2026-05-29 17:43:09,990 [WARNING] backend.economy.gold_cost_table: Unknown currency api_id 'ancient-rib' (normalized: 'ancient_rib'). Using fallback gold cost: 200. Add this currency to gold_cost_table.py if the actual cost is known.
2026-05-29 17:43:09,990 [WARNING] backend.economy.gold_cost_table: Unknown currency api_id 'kurgals-gaze' (normalized: 'kurgals_gaze'). Using fallback gold cost: 200. Add this currency to gold_cost_table.py if the actual cost is known.
2026-05-29 17:43:09,990 [WARNING] backend.economy.gold_cost_table: Unknown currency api_id 'amanamus-gaze' (normalized: 'amanamus_gaze'). Using fallback gold cost: 200. Add this currency to gold_cost_table.py if the actual cost is known.
2026-05-29 17:43:09,990 [WARNING] backend.economy.gold_cost_table: Unknown currency api_id 'ulamans-gaze' (normalized: 'ulamans_gaze'). Using fallback gold cost: 200. Add this currency to gold_cost_table.py if the actual cost is known.
2026-05-29 17:43:09,990 [WARNING] backend.economy.gold_cost_table: Unknown currency api_id 'abyss-key' (normalized: 'abyss_key'). Using fallback gold cost: 200. Add this currency to gold_cost_table.py if the actual cost is known.
2026-05-29 17:43:09,990 [WARNING] backend.economy.gold_cost_table: Unknown currency api_id 'preserved-cranium' (normalized: 'preserved_cranium'). Using fallback gold cost: 200. Add this currency to gold_cost_table.py if the actual cost is known.
2026-05-29 17:43:09,990 [WARNING] backend.economy.gold_cost_table: Unknown currency api_id 'gnawed-jawbone' (normalized: 'gnawed_jawbone'). Using fallback gold cost: 200. Add this currency to gold_cost_table.py if the actual cost is known.
2026-05-29 17:43:09,990 [WARNING] backend.economy.gold_cost_table: Unknown currency api_id 'gnawed-collarbone' (normalized: 'gnawed_collarbone'). Using fallback gold cost: 200. Add this currency to gold_cost_table.py if the actual cost is known.
2026-05-29 17:43:09,990 [WARNING] backend.economy.gold_cost_table: Unknown currency api_id 'preserved-rib' (normalized: 'preserved_rib'). Using fallback gold cost: 200. Add this currency to gold_cost_table.py if the actual cost is known.
2026-05-29 17:43:09,990 [WARNING] backend.economy.gold_cost_table: Unknown currency api_id 'preserved-jawbone' (normalized: 'preserved_jawbone'). Using fallback gold cost: 200. Add this currency to gold_cost_table.py if the actual cost is known.
2026-05-29 17:43:09,990 [WARNING] backend.economy.gold_cost_table: Unknown currency api_id 'gnawed-rib' (normalized: 'gnawed_rib'). Using fallback gold cost: 200. Add this currency to gold_cost_table.py if the actual cost is known.
2026-05-29 17:43:09,990 [WARNING] backend.economy.gold_cost_table: Unknown currency api_id 'preserved-collarbone' (normalized: 'preserved_collarbone'). Using fallback gold cost: 200. Add this currency to gold_cost_table.py if the actual cost is known.
2026-05-29 17:43:09,990 [WARNING] backend.economy.gold_cost_table: Unknown currency api_id 'uncut-spirit-gem-8' (normalized: 'uncut_spirit_gem_8'). Using fallback gold cost: 200. Add this currency to gold_cost_table.py if the actual cost is known.
2026-05-29 17:43:09,991 [WARNING] backend.economy.gold_cost_table: Unknown currency api_id 'uncut-spirit-gem-20' (normalized: 'uncut_spirit_gem_20'). Using fallback gold cost: 200. Add this currency to gold_cost_table.py if the actual cost is known.
2026-05-29 17:43:09,991 [WARNING] backend.economy.gold_cost_table: Unknown currency api_id 'uncut-spirit-gem-9' (normalized: 'uncut_spirit_gem_9'). Using fallback gold cost: 200. Add this currency to gold_cost_table.py if the actual cost is known.
2026-05-29 17:43:09,991 [WARNING] backend.economy.gold_cost_table: Unknown currency api_id 'uncut-spirit-gem-7' (normalized: 'uncut_spirit_gem_7'). Using fallback gold cost: 200. Add this currency to gold_cost_table.py if the actual cost is known.
2026-05-29 17:43:09,991 [WARNING] backend.economy.gold_cost_table: Unknown currency api_id 'uncut-spirit-gem-15' (normalized: 'uncut_spirit_gem_15'). Using fallback gold cost: 200. Add this currency to gold_cost_table.py if the actual cost is known.
2026-05-29 17:43:09,991 [WARNING] backend.economy.gold_cost_table: Unknown currency api_id 'uncut-spirit-gem-14' (normalized: 'uncut_spirit_gem_14'). Using fallback gold cost: 200. Add this currency to gold_cost_table.py if the actual cost is known.
2026-05-29 17:43:09,991 [WARNING] backend.economy.gold_cost_table: Unknown currency api_id 'uncut-spirit-gem-5' (normalized: 'uncut_spirit_gem_5'). Using fallback gold cost: 200. Add this currency to gold_cost_table.py if the actual cost is known.
2026-05-29 17:43:09,991 [WARNING] backend.economy.gold_cost_table: Unknown currency api_id 'uncut-spirit-gem-6' (normalized: 'uncut_spirit_gem_6'). Using fallback gold cost: 200. Add this currency to gold_cost_table.py if the actual cost is known.
2026-05-29 17:43:09,991 [WARNING] backend.economy.gold_cost_table: Unknown currency api_id 'uncut-spirit-gem-16' (normalized: 'uncut_spirit_gem_16'). Using fallback gold cost: 200. Add this currency to gold_cost_table.py if the actual cost is known.
2026-05-29 17:43:09,991 [WARNING] backend.economy.gold_cost_table: Unknown currency api_id 'uncut-skill-gem-3' (normalized: 'uncut_skill_gem_3'). Using fallback gold cost: 200. Add this currency to gold_cost_table.py if the actual cost is known.
2026-05-29 17:43:09,991 [WARNING] backend.economy.gold_cost_table: Unknown currency api_id 'uncut-skill-gem-16' (normalized: 'uncut_skill_gem_16'). Using fallback gold cost: 200. Add this currency to gold_cost_table.py if the actual cost is known.
2026-05-29 17:43:09,991 [WARNING] backend.economy.gold_cost_table: Unknown currency api_id 'uncut-spirit-gem-4' (normalized: 'uncut_spirit_gem_4'). Using fallback gold cost: 200. Add this currency to gold_cost_table.py if the actual cost is known.
2026-05-29 17:43:09,991 [WARNING] backend.economy.gold_cost_table: Unknown currency api_id 'uncut-skill-gem-20' (normalized: 'uncut_skill_gem_20'). Using fallback gold cost: 200. Add this currency to gold_cost_table.py if the actual cost is known.
2026-05-29 17:43:09,991 [WARNING] backend.economy.gold_cost_table: Unknown currency api_id 'uncut-skill-gem-10' (normalized: 'uncut_skill_gem_10'). Using fallback gold cost: 200. Add this currency to gold_cost_table.py if the actual cost is known.
2026-05-29 17:43:09,991 [WARNING] backend.economy.gold_cost_table: Unknown currency api_id 'uncut-skill-gem-6' (normalized: 'uncut_skill_gem_6'). Using fallback gold cost: 200. Add this currency to gold_cost_table.py if the actual cost is known.
2026-05-29 17:43:09,991 [WARNING] backend.economy.gold_cost_table: Unknown currency api_id 'uncut-skill-gem-2' (normalized: 'uncut_skill_gem_2'). Using fallback gold cost: 200. Add this currency to gold_cost_table.py if the actual cost is known.
2026-05-29 17:43:09,991 [WARNING] backend.economy.gold_cost_table: Unknown currency api_id 'uncut-skill-gem-7' (normalized: 'uncut_skill_gem_7'). Using fallback gold cost: 200. Add this currency to gold_cost_table.py if the actual cost is known.
2026-05-29 17:43:09,991 [WARNING] backend.economy.gold_cost_table: Unknown currency api_id 'uncut-spirit-gem-10' (normalized: 'uncut_spirit_gem_10'). Using fallback gold cost: 200. Add this currency to gold_cost_table.py if the actual cost is known.
2026-05-29 17:43:09,991 [WARNING] backend.economy.gold_cost_table: Unknown currency api_id 'uncut-skill-gem-4' (normalized: 'uncut_skill_gem_4'). Using fallback gold cost: 200. Add this currency to gold_cost_table.py if the actual cost is known.
2026-05-29 17:43:09,991 [WARNING] backend.economy.gold_cost_table: Unknown currency api_id 'uncut-support-gem-4' (normalized: 'uncut_support_gem_4'). Using fallback gold cost: 200. Add this currency to gold_cost_table.py if the actual cost is known.
2026-05-29 17:43:09,991 [WARNING] backend.economy.gold_cost_table: Unknown currency api_id 'uncut-skill-gem-8' (normalized: 'uncut_skill_gem_8'). Using fallback gold cost: 200. Add this currency to gold_cost_table.py if the actual cost is known.
2026-05-29 17:43:09,991 [WARNING] backend.economy.gold_cost_table: Unknown currency api_id 'uncut-skill-gem-15' (normalized: 'uncut_skill_gem_15'). Using fallback gold cost: 200. Add this currency to gold_cost_table.py if the actual cost is known.
2026-05-29 17:43:09,991 [WARNING] backend.economy.gold_cost_table: Unknown currency api_id 'uncut-skill-gem-9' (normalized: 'uncut_skill_gem_9'). Using fallback gold cost: 200. Add this currency to gold_cost_table.py if the actual cost is known.
2026-05-29 17:43:09,991 [WARNING] backend.economy.gold_cost_table: Unknown currency api_id 'uncut-spirit-gem-17' (normalized: 'uncut_spirit_gem_17'). Using fallback gold cost: 200. Add this currency to gold_cost_table.py if the actual cost is known.
2026-05-29 17:43:09,991 [WARNING] backend.economy.gold_cost_table: Unknown currency api_id 'uncut-support-gem-5' (normalized: 'uncut_support_gem_5'). Using fallback gold cost: 200. Add this currency to gold_cost_table.py if the actual cost is known.
2026-05-29 17:43:09,991 [WARNING] backend.economy.gold_cost_table: Unknown currency api_id 'uncut-spirit-gem-11' (normalized: 'uncut_spirit_gem_11'). Using fallback gold cost: 200. Add this currency to gold_cost_table.py if the actual cost is known.
2026-05-29 17:43:09,991 [WARNING] backend.economy.gold_cost_table: Unknown currency api_id 'uncut-support-gem-2' (normalized: 'uncut_support_gem_2'). Using fallback gold cost: 200. Add this currency to gold_cost_table.py if the actual cost is known.
2026-05-29 17:43:09,991 [WARNING] backend.economy.gold_cost_table: Unknown currency api_id 'uncut-spirit-gem-13' (normalized: 'uncut_spirit_gem_13'). Using fallback gold cost: 200. Add this currency to gold_cost_table.py if the actual cost is known.
2026-05-29 17:43:09,991 [WARNING] backend.economy.gold_cost_table: Unknown currency api_id 'uncut-skill-gem-1' (normalized: 'uncut_skill_gem_1'). Using fallback gold cost: 200. Add this currency to gold_cost_table.py if the actual cost is known.
2026-05-29 17:43:09,991 [WARNING] backend.economy.gold_cost_table: Unknown currency api_id 'uncut-spirit-gem-12' (normalized: 'uncut_spirit_gem_12'). Using fallback gold cost: 200. Add this currency to gold_cost_table.py if the actual cost is known.
2026-05-29 17:43:09,991 [WARNING] backend.economy.gold_cost_table: Unknown currency api_id 'uncut-skill-gem-18' (normalized: 'uncut_skill_gem_18'). Using fallback gold cost: 200. Add this currency to gold_cost_table.py if the actual cost is known.
2026-05-29 17:43:09,991 [WARNING] backend.economy.gold_cost_table: Unknown currency api_id 'uncut-skill-gem-5' (normalized: 'uncut_skill_gem_5'). Using fallback gold cost: 200. Add this currency to gold_cost_table.py if the actual cost is known.
2026-05-29 17:43:09,991 [WARNING] backend.economy.gold_cost_table: Unknown currency api_id 'uncut-skill-gem-12' (normalized: 'uncut_skill_gem_12'). Using fallback gold cost: 200. Add this currency to gold_cost_table.py if the actual cost is known.
2026-05-29 17:43:09,991 [WARNING] backend.economy.gold_cost_table: Unknown currency api_id 'uncut-spirit-gem-18' (normalized: 'uncut_spirit_gem_18'). Using fallback gold cost: 200. Add this currency to gold_cost_table.py if the actual cost is known.
2026-05-29 17:43:09,991 [WARNING] backend.economy.gold_cost_table: Unknown currency api_id 'uncut-skill-gem-19' (normalized: 'uncut_skill_gem_19'). Using fallback gold cost: 200. Add this currency to gold_cost_table.py if the actual cost is known.
2026-05-29 17:43:09,992 [WARNING] backend.economy.gold_cost_table: Unknown currency api_id 'uncut-spirit-gem-19' (normalized: 'uncut_spirit_gem_19'). Using fallback gold cost: 200. Add this currency to gold_cost_table.py if the actual cost is known.
2026-05-29 17:43:09,992 [WARNING] backend.economy.gold_cost_table: Unknown currency api_id 'uncut-skill-gem-11' (normalized: 'uncut_skill_gem_11'). Using fallback gold cost: 200. Add this currency to gold_cost_table.py if the actual cost is known.
2026-05-29 17:43:09,992 [WARNING] backend.economy.gold_cost_table: Unknown currency api_id 'uncut-skill-gem-14' (normalized: 'uncut_skill_gem_14'). Using fallback gold cost: 200. Add this currency to gold_cost_table.py if the actual cost is known.
2026-05-29 17:43:09,992 [WARNING] backend.economy.gold_cost_table: Unknown currency api_id 'uncut-support-gem-3' (normalized: 'uncut_support_gem_3'). Using fallback gold cost: 200. Add this currency to gold_cost_table.py if the actual cost is known.
2026-05-29 17:43:09,992 [WARNING] backend.economy.gold_cost_table: Unknown currency api_id 'uncut-skill-gem-17' (normalized: 'uncut_skill_gem_17'). Using fallback gold cost: 200. Add this currency to gold_cost_table.py if the actual cost is known.
2026-05-29 17:43:09,992 [WARNING] backend.economy.gold_cost_table: Unknown currency api_id 'uncut-skill-gem-13' (normalized: 'uncut_skill_gem_13'). Using fallback gold cost: 200. Add this currency to gold_cost_table.py if the actual cost is known.
2026-05-29 17:43:09,992 [WARNING] backend.economy.gold_cost_table: Unknown currency api_id 'uncut-support-gem-1' (normalized: 'uncut_support_gem_1'). Using fallback gold cost: 200. Add this currency to gold_cost_table.py if the actual cost is known.
2026-05-29 17:43:09,992 [WARNING] backend.economy.gold_cost_table: Unknown currency api_id 'concentrated-liquid-isolation' (normalized: 'concentrated_liquid_isolation'). Using fallback gold cost: 200. Add this currency to gold_cost_table.py if the actual cost is known.
2026-05-29 17:43:09,992 [WARNING] backend.economy.gold_cost_table: Unknown currency api_id 'concentrated-liquid-suffering' (normalized: 'concentrated_liquid_suffering'). Using fallback gold cost: 200. Add this currency to gold_cost_table.py if the actual cost is known.
2026-05-29 17:43:09,992 [WARNING] backend.economy.gold_cost_table: Unknown currency api_id 'concentrated-liquid-fear' (normalized: 'concentrated_liquid_fear'). Using fallback gold cost: 200. Add this currency to gold_cost_table.py if the actual cost is known.
2026-05-29 17:43:09,992 [WARNING] backend.economy.gold_cost_table: Unknown currency api_id 'liquid-despair' (normalized: 'liquid_despair'). Using fallback gold cost: 200. Add this currency to gold_cost_table.py if the actual cost is known.
2026-05-29 17:43:09,992 [WARNING] backend.economy.gold_cost_table: Unknown currency api_id 'liquid-disgust' (normalized: 'liquid_disgust'). Using fallback gold cost: 200. Add this currency to gold_cost_table.py if the actual cost is known.
2026-05-29 17:43:09,992 [WARNING] backend.economy.gold_cost_table: Unknown currency api_id 'diluted-liquid-greed' (normalized: 'diluted_liquid_greed'). Using fallback gold cost: 200. Add this currency to gold_cost_table.py if the actual cost is known.
2026-05-29 17:43:09,992 [WARNING] backend.economy.gold_cost_table: Unknown currency api_id 'liquid-paranoia' (normalized: 'liquid_paranoia'). Using fallback gold cost: 200. Add this currency to gold_cost_table.py if the actual cost is known.
2026-05-29 17:43:09,992 [WARNING] backend.economy.gold_cost_table: Unknown currency api_id 'liquid-envy' (normalized: 'liquid_envy'). Using fallback gold cost: 200. Add this currency to gold_cost_table.py if the actual cost is known.
2026-05-29 17:43:09,992 [WARNING] backend.economy.gold_cost_table: Unknown currency api_id 'diluted-liquid-guilt' (normalized: 'diluted_liquid_guilt'). Using fallback gold cost: 200. Add this currency to gold_cost_table.py if the actual cost is known.
2026-05-29 17:43:09,992 [WARNING] backend.economy.gold_cost_table: Unknown currency api_id 'diluted-liquid-ire' (normalized: 'diluted_liquid_ire'). Using fallback gold cost: 200. Add this currency to gold_cost_table.py if the actual cost is known.
2026-05-29 17:43:09,992 [WARNING] backend.economy.gold_cost_table: Unknown currency api_id 'quipolatls-thesis' (normalized: 'quipolatls_thesis'). Using fallback gold cost: 200. Add this currency to gold_cost_table.py if the actual cost is known.
2026-05-29 17:43:09,992 [WARNING] backend.economy.gold_cost_table: Unknown currency api_id 'jiquanis-thesis' (normalized: 'jiquanis_thesis'). Using fallback gold cost: 200. Add this currency to gold_cost_table.py if the actual cost is known.
2026-05-29 17:43:09,992 [WARNING] backend.economy.gold_cost_table: Unknown currency api_id 'guatelitzis-thesis' (normalized: 'guatelitzis_thesis'). Using fallback gold cost: 200. Add this currency to gold_cost_table.py if the actual cost is known.
2026-05-29 17:43:09,992 [WARNING] backend.economy.gold_cost_table: Unknown currency api_id 'crystallised-corruption' (normalized: 'crystallised_corruption'). Using fallback gold cost: 200. Add this currency to gold_cost_table.py if the actual cost is known.
2026-05-29 17:43:09,992 [WARNING] backend.economy.gold_cost_table: Unknown currency api_id 'orb-of-extraction' (normalized: 'orb_of_extraction'). Using fallback gold cost: 200. Add this currency to gold_cost_table.py if the actual cost is known.
2026-05-29 17:43:09,992 [WARNING] backend.economy.gold_cost_table: Unknown currency api_id 'ancient-infuser' (normalized: 'ancient_infuser'). Using fallback gold cost: 200. Add this currency to gold_cost_table.py if the actual cost is known.
2026-05-29 17:43:09,992 [WARNING] backend.economy.gold_cost_table: Unknown currency api_id 'vaal-cultivation-orb' (normalized: 'vaal_cultivation_orb'). Using fallback gold cost: 200. Add this currency to gold_cost_table.py if the actual cost is known.
2026-05-29 17:43:09,992 [WARNING] backend.economy.gold_cost_table: Unknown currency api_id 'citaqualotls-thesis' (normalized: 'citaqualotls_thesis'). Using fallback gold cost: 200. Add this currency to gold_cost_table.py if the actual cost is known.
2026-05-29 17:43:09,992 [WARNING] backend.economy.gold_cost_table: Unknown currency api_id 'vaal-infuser' (normalized: 'vaal_infuser'). Using fallback gold cost: 200. Add this currency to gold_cost_table.py if the actual cost is known.
2026-05-29 17:43:09,992 [WARNING] backend.economy.gold_cost_table: Unknown currency api_id 'architects-orb' (normalized: 'architects_orb'). Using fallback gold cost: 200. Add this currency to gold_cost_table.py if the actual cost is known.
2026-05-29 17:43:09,992 [WARNING] backend.economy.gold_cost_table: Unknown currency api_id 'core-destabiliser' (normalized: 'core_destabiliser'). Using fallback gold cost: 200. Add this currency to gold_cost_table.py if the actual cost is known.
2026-05-29 17:43:09,992 [WARNING] backend.economy.gold_cost_table: Unknown currency api_id 'vaal-siphoner' (normalized: 'vaal_siphoner'). Using fallback gold cost: 200. Add this currency to gold_cost_table.py if the actual cost is known.
INFO:     127.0.0.1:62696 - "GET /api/anomalies HTTP/1.1" 200 OK
INFO:     127.0.0.1:62699 - "GET /api/storage-value/divine HTTP/1.1" 200 OK
INFO:     127.0.0.1:52324 - "GET /api/portfolio HTTP/1.1" 200 OK
2026-05-29 17:43:10,020 [INFO] backend.api.routes_prices: Prices clustering completed: 43 currencies assigned
2026-05-29 17:43:10,020 [WARNING] backend.economy.gold_cost_table: Unknown currency api_id 'greater-chaos-orb' (normalized: 'greater_chaos_orb'). Using fallback gold cost: 200. Add this currency to gold_cost_table.py if the actual cost is known.
2026-05-29 17:43:10,020 [WARNING] backend.economy.gold_cost_table: Unknown currency api_id 'perfect-regal-orb' (normalized: 'perfect_regal_orb'). Using fallback gold cost: 200. Add this currency to gold_cost_table.py if the actual cost is known.
2026-05-29 17:43:10,020 [WARNING] backend.economy.gold_cost_table: Unknown currency api_id 'fracturing-orb' (normalized: 'fracturing_orb'). Using fallback gold cost: 200. Add this currency to gold_cost_table.py if the actual cost is known.
2026-05-29 17:43:10,020 [WARNING] backend.economy.gold_cost_table: Unknown currency api_id 'perfect-exalted-orb' (normalized: 'perfect_exalted_orb'). Using fallback gold cost: 200. Add this currency to gold_cost_table.py if the actual cost is known.
2026-05-29 17:43:10,021 [WARNING] backend.economy.gold_cost_table: Unknown currency api_id 'scrap' (normalized: 'scrap'). Using fallback gold cost: 200. Add this currency to gold_cost_table.py if the actual cost is known.
2026-05-29 17:43:10,021 [WARNING] backend.economy.gold_cost_table: Unknown currency api_id 'breach-splinter' (normalized: 'breach_splinter'). Using fallback gold cost: 200. Add this currency to gold_cost_table.py if the actual cost is known.
2026-05-29 17:43:10,021 [WARNING] backend.economy.gold_cost_table: Unknown currency api_id 'essence-of-abyss' (normalized: 'essence_of_abyss'). Using fallback gold cost: 200. Add this currency to gold_cost_table.py if the actual cost is known.
2026-05-29 17:43:10,021 [WARNING] backend.economy.gold_cost_table: Unknown currency api_id 'omen-of-dextral-exaltation' (normalized: 'omen_of_dextral_exaltation'). Using fallback gold cost: 200. Add this currency to gold_cost_table.py if the actual cost is known.
2026-05-29 17:43:10,021 [WARNING] backend.economy.gold_cost_table: Unknown currency api_id 'omen-of-corruption' (normalized: 'omen_of_corruption'). Using fallback gold cost: 200. Add this currency to gold_cost_table.py if the actual cost is known.
2026-05-29 17:43:10,021 [WARNING] backend.economy.gold_cost_table: Unknown currency api_id 'omen-of-corruption' (normalized: 'omen_of_corruption'). Using fallback gold cost: 200. Add this currency to gold_cost_table.py if the actual cost is known.
2026-05-29 17:43:10,021 [WARNING] backend.economy.gold_cost_table: Unknown currency api_id 'omen-of-recombination' (normalized: 'omen_of_recombination'). Using fallback gold cost: 200. Add this currency to gold_cost_table.py if the actual cost is known.
2026-05-29 17:43:10,021 [WARNING] backend.economy.gold_cost_table: Unknown currency api_id 'omen-of-chaotic-rarity' (normalized: 'omen_of_chaotic_rarity'). Using fallback gold cost: 200. Add this currency to gold_cost_table.py if the actual cost is known.
2026-05-29 17:43:10,021 [WARNING] backend.economy.gold_cost_table: Unknown currency api_id 'preserved-collarbone' (normalized: 'preserved_collarbone'). Using fallback gold cost: 200. Add this currency to gold_cost_table.py if the actual cost is known.
2026-05-29 17:43:10,021 [WARNING] backend.economy.gold_cost_table: Unknown currency api_id 'diluted-liquid-guilt' (normalized: 'diluted_liquid_guilt'). Using fallback gold cost: 200. Add this currency to gold_cost_table.py if the actual cost is known.
2026-05-29 17:43:10,021 [WARNING] backend.economy.gold_cost_table: Unknown currency api_id 'vaal-cultivation-orb' (normalized: 'vaal_cultivation_orb'). Using fallback gold cost: 200. Add this currency to gold_cost_table.py if the actual cost is known.
2026-05-29 17:43:10,021 [WARNING] backend.economy.gold_cost_table: Unknown currency api_id 'secondary-calamity-fragment' (normalized: 'secondary_calamity_fragment'). Using fallback gold cost: 200. Add this currency to gold_cost_table.py if the actual cost is known.
2026-05-29 17:43:10,021 [WARNING] backend.economy.gold_cost_table: Unknown currency api_id 'saqawals-rune-of-the-sky' (normalized: 'saqawals_rune_of_the_sky'). Using fallback gold cost: 200. Add this currency to gold_cost_table.py if the actual cost is known.
2026-05-29 17:43:10,021 [WARNING] backend.economy.gold_cost_table: Unknown currency api_id 'greater-essence-of-flames' (normalized: 'greater_essence_of_flames'). Using fallback gold cost: 200. Add this currency to gold_cost_table.py if the actual cost is known.
2026-05-29 17:43:10,021 [WARNING] backend.economy.gold_cost_table: Unknown currency api_id 'soul-core-of-tacati' (normalized: 'soul_core_of_tacati'). Using fallback gold cost: 200. Add this currency to gold_cost_table.py if the actual cost is known.
2026-05-29 17:43:10,021 [WARNING] backend.economy.gold_cost_table: Unknown currency api_id 'soul-core-of-citaqualotl' (normalized: 'soul_core_of_citaqualotl'). Using fallback gold cost: 200. Add this currency to gold_cost_table.py if the actual cost is known.
2026-05-29 17:43:10,021 [WARNING] backend.economy.gold_cost_table: Unknown currency api_id 'omen-of-abyssal-favours' (normalized: 'omen_of_abyssal_favours'). Using fallback gold cost: 200. Add this currency to gold_cost_table.py if the actual cost is known.
2026-05-29 17:43:10,022 [WARNING] backend.economy.gold_cost_table: Unknown currency api_id 'omen-of-sinistral-exaltation' (normalized: 'omen_of_sinistral_exaltation'). Using fallback gold cost: 200. Add this currency to gold_cost_table.py if the actual cost is known.
2026-05-29 17:43:10,022 [WARNING] backend.economy.gold_cost_table: Unknown currency api_id 'petition-splinter' (normalized: 'petition_splinter'). Using fallback gold cost: 200. Add this currency to gold_cost_table.py if the actual cost is known.
2026-05-29 17:43:10,022 [WARNING] backend.economy.gold_cost_table: Unknown currency api_id 'omen-of-reinforcements' (normalized: 'omen_of_reinforcements'). Using fallback gold cost: 200. Add this currency to gold_cost_table.py if the actual cost is known.
2026-05-29 17:43:10,022 [WARNING] backend.economy.gold_cost_table: Unknown currency api_id 'omen-of-greater-exaltation' (normalized: 'omen_of_greater_exaltation'). Using fallback gold cost: 200. Add this currency to gold_cost_table.py if the actual cost is known.
2026-05-29 17:43:10,022 [WARNING] backend.economy.gold_cost_table: Unknown currency api_id 'adaptive-catalyst' (normalized: 'adaptive_catalyst'). Using fallback gold cost: 200. Add this currency to gold_cost_table.py if the actual cost is known.
2026-05-29 17:43:10,022 [WARNING] backend.economy.gold_cost_table: Unknown currency api_id 'tecrods-gaze' (normalized: 'tecrods_gaze'). Using fallback gold cost: 200. Add this currency to gold_cost_table.py if the actual cost is known.
2026-05-29 17:43:10,022 [WARNING] backend.economy.gold_cost_table: Unknown currency api_id 'uncut-spirit-gem-19' (normalized: 'uncut_spirit_gem_19'). Using fallback gold cost: 200. Add this currency to gold_cost_table.py if the actual cost is known.
2026-05-29 17:43:10,022 [WARNING] backend.economy.gold_cost_table: Unknown currency api_id 'garukhans-resolve' (normalized: 'garukhans_resolve'). Using fallback gold cost: 200. Add this currency to gold_cost_table.py if the actual cost is known.
2026-05-29 17:43:10,022 [WARNING] backend.economy.gold_cost_table: Unknown currency api_id 'diluted-liquid-ire' (normalized: 'diluted_liquid_ire'). Using fallback gold cost: 200. Add this currency to gold_cost_table.py if the actual cost is known.
INFO:     127.0.0.1:55581 - "GET /api/prices HTTP/1.1" 200 OK
INFO:     127.0.0.1:49424 - "GET /api/arbitrage/triangular HTTP/1.1" 200 OK
INFO:     127.0.0.1:49422 - "GET /api/currencies HTTP/1.1" 200 OK
INFO:     127.0.0.1:62696 - "GET /api/health HTTP/1.1" 200 OK
INFO:     127.0.0.1:62699 - "GET /api/events?active_only=true HTTP/1.1" 200 OK
2026-05-29 17:43:10,348 [INFO] httpx: HTTP Request: GET https://api.poe2scout.com/api/poe2/Leagues/vaal/Items/291/DailyStatsHistory?DayCount=30 "HTTP/1.1 200 OK"
2026-05-29 17:43:10,349 [INFO] backend.api.routes_forecast: Using DailyStatsHistory (30 points) for divine forecast
2026-05-29 17:43:13,204 [WARNING] backend.predictors.time_series: LightGBM: insufficient clean data after feature building (5 rows).
2026-05-29 17:43:13,204 [WARNING] backend.predictors.time_series: LightGBM: no trained model available.
2026-05-29 17:43:13,272 [INFO] httpx: HTTP Request: GET https://api.poe2scout.com/api/poe2/Leagues/vaal/Items/291/DailyStatsHistory?DayCount=30 "HTTP/1.1 200 OK"
2026-05-29 17:43:13,273 [INFO] backend.api.routes_forecast: Using DailyStatsHistory (30 points) for divine forecast
2026-05-29 17:43:15,370 [WARNING] backend.predictors.time_series: LightGBM: insufficient clean data after feature building (5 rows).
2026-05-29 17:43:15,370 [WARNING] backend.predictors.time_series: LightGBM: no trained model available.
INFO:     127.0.0.1:64706 - "GET /api/health HTTP/1.1" 200 OK
INFO:     127.0.0.1:64708 - "GET /api/events?active_only=true HTTP/1.1" 200 OK
INFO:     127.0.0.1:64844 - "GET /api/phase HTTP/1.1" 200 OK
2026-05-29 17:43:46,862 [INFO] backend.api.routes_forecast: Using DailyStatsHistory (30 points) for divine forecast
2026-05-29 17:43:48,931 [WARNING] backend.predictors.time_series: LightGBM: insufficient clean data after feature building (5 rows).
2026-05-29 17:43:48,931 [WARNING] backend.predictors.time_series: LightGBM: no trained model available.
INFO:     127.0.0.1:64846 - "GET /api/forecast/divine HTTP/1.1" 200 OK
INFO:     127.0.0.1:56650 - "GET /api/health HTTP/1.1" 200 OK
INFO:     127.0.0.1:56652 - "GET /api/events?active_only=true HTTP/1.1" 200 OK
2026-05-29 17:44:19,331 [WARNING] backend.economy.gold_cost_table: Unknown currency api_id 'hinekoras-lock' (normalized: 'hinekoras_lock'). Using fallback gold cost: 200. Add this currency to gold_cost_table.py if the actual cost is known.
2026-05-29 17:44:19,332 [WARNING] backend.economy.gold_cost_table: Unknown currency api_id 'fracturing-orb' (normalized: 'fracturing_orb'). Using fallback gold cost: 200. Add this currency to gold_cost_table.py if the actual cost is known.
2026-05-29 17:44:19,332 [WARNING] backend.economy.gold_cost_table: Unknown currency api_id 'perfect-chaos-orb' (normalized: 'perfect_chaos_orb'). Using fallback gold cost: 200. Add this currency to gold_cost_table.py if the actual cost is known.
2026-05-29 17:44:19,332 [WARNING] backend.economy.gold_cost_table: Unknown currency api_id 'perfect-exalted-orb' (normalized: 'perfect_exalted_orb'). Using fallback gold cost: 200. Add this currency to gold_cost_table.py if the actual cost is known.
2026-05-29 17:44:19,332 [WARNING] backend.economy.gold_cost_table: Unknown currency api_id 'chance-shard' (normalized: 'chance_shard'). Using fallback gold cost: 200. Add this currency to gold_cost_table.py if the actual cost is known.
2026-05-29 17:44:19,332 [WARNING] backend.economy.gold_cost_table: Unknown currency api_id 'perfect-regal-orb' (normalized: 'perfect_regal_orb'). Using fallback gold cost: 200. Add this currency to gold_cost_table.py if the actual cost is known.
2026-05-29 17:44:19,332 [WARNING] backend.economy.gold_cost_table: Unknown currency api_id 'greater-chaos-orb' (normalized: 'greater_chaos_orb'). Using fallback gold cost: 200. Add this currency to gold_cost_table.py if the actual cost is known.
2026-05-29 17:44:19,332 [WARNING] backend.economy.gold_cost_table: Unknown currency api_id 'perfect-orb-of-augmentation' (normalized: 'perfect_orb_of_augmentation'). Using fallback gold cost: 200. Add this currency to gold_cost_table.py if the actual cost is known.
2026-05-29 17:44:19,332 [WARNING] backend.economy.gold_cost_table: Unknown currency api_id 'greater-regal-orb' (normalized: 'greater_regal_orb'). Using fallback gold cost: 200. Add this currency to gold_cost_table.py if the actual cost is known.
2026-05-29 17:44:19,332 [WARNING] backend.economy.gold_cost_table: Unknown currency api_id 'greater-exalted-orb' (normalized: 'greater_exalted_orb'). Using fallback gold cost: 200. Add this currency to gold_cost_table.py if the actual cost is known.
2026-05-29 17:44:19,332 [WARNING] backend.economy.gold_cost_table: Unknown currency api_id 'scrap' (normalized: 'scrap'). Using fallback gold cost: 200. Add this currency to gold_cost_table.py if the actual cost is known.
2026-05-29 17:44:19,332 [WARNING] backend.economy.gold_cost_table: Unknown currency api_id 'artificers-shard' (normalized: 'artificers_shard'). Using fallback gold cost: 200. Add this currency to gold_cost_table.py if the actual cost is known.
2026-05-29 17:44:19,332 [WARNING] backend.economy.gold_cost_table: Unknown currency api_id 'perfect-orb-of-transmutation' (normalized: 'perfect_orb_of_transmutation'). Using fallback gold cost: 200. Add this currency to gold_cost_table.py if the actual cost is known.
2026-05-29 17:44:19,332 [WARNING] backend.economy.gold_cost_table: Unknown currency api_id 'greater-orb-of-augmentation' (normalized: 'greater_orb_of_augmentation'). Using fallback gold cost: 200. Add this currency to gold_cost_table.py if the actual cost is known.
2026-05-29 17:44:19,332 [WARNING] backend.economy.gold_cost_table: Unknown currency api_id 'greater-orb-of-transmutation' (normalized: 'greater_orb_of_transmutation'). Using fallback gold cost: 200. Add this currency to gold_cost_table.py if the actual cost is known.
2026-05-29 17:44:19,332 [WARNING] backend.economy.gold_cost_table: Unknown currency api_id 'greater-rune-of-alacrity' (normalized: 'greater_rune_of_alacrity'). Using fallback gold cost: 200. Add this currency to gold_cost_table.py if the actual cost is known.
2026-05-29 17:44:19,332 [WARNING] backend.economy.gold_cost_table: Unknown currency api_id 'robust-rune' (normalized: 'robust_rune'). Using fallback gold cost: 200. Add this currency to gold_cost_table.py if the actual cost is known.
2026-05-29 17:44:19,332 [WARNING] backend.economy.gold_cost_table: Unknown currency api_id 'rebirth-rune' (normalized: 'rebirth_rune'). Using fallback gold cost: 200. Add this currency to gold_cost_table.py if the actual cost is known.
2026-05-29 17:44:19,332 [WARNING] backend.economy.gold_cost_table: Unknown currency api_id 'greater-rune-of-tithing' (normalized: 'greater_rune_of_tithing'). Using fallback gold cost: 200. Add this currency to gold_cost_table.py if the actual cost is known.
2026-05-29 17:44:19,332 [WARNING] backend.economy.gold_cost_table: Unknown currency api_id 'desert-rune' (normalized: 'desert_rune'). Using fallback gold cost: 200. Add this currency to gold_cost_table.py if the actual cost is known.
2026-05-29 17:44:19,332 [WARNING] backend.economy.gold_cost_table: Unknown currency api_id 'adept-rune' (normalized: 'adept_rune'). Using fallback gold cost: 200. Add this currency to gold_cost_table.py if the actual cost is known.
2026-05-29 17:44:19,332 [WARNING] backend.economy.gold_cost_table: Unknown currency api_id 'iron-rune' (normalized: 'iron_rune'). Using fallback gold cost: 200. Add this currency to gold_cost_table.py if the actual cost is known.
2026-05-29 17:44:19,332 [WARNING] backend.economy.gold_cost_table: Unknown currency api_id 'lesser-iron-rune' (normalized: 'lesser_iron_rune'). Using fallback gold cost: 200. Add this currency to gold_cost_table.py if the actual cost is known.
2026-05-29 17:44:19,332 [WARNING] backend.economy.gold_cost_table: Unknown currency api_id 'lesser-glacial-rune' (normalized: 'lesser_glacial_rune'). Using fallback gold cost: 200. Add this currency to gold_cost_table.py if the actual cost is known.
2026-05-29 17:44:19,332 [WARNING] backend.economy.gold_cost_table: Unknown currency api_id 'greater-rune-of-leadership' (normalized: 'greater_rune_of_leadership'). Using fallback gold cost: 200. Add this currency to gold_cost_table.py if the actual cost is known.
2026-05-29 17:44:19,332 [WARNING] backend.economy.gold_cost_table: Unknown currency api_id 'countess-seskes-rune-of-archery' (normalized: 'countess_seskes_rune_of_archery'). Using fallback gold cost: 200. Add this currency to gold_cost_table.py if the actual cost is known.
2026-05-29 17:44:19,332 [WARNING] backend.economy.gold_cost_table: Unknown currency api_id 'storm-rune' (normalized: 'storm_rune'). Using fallback gold cost: 200. Add this currency to gold_cost_table.py if the actual cost is known.
2026-05-29 17:44:19,332 [WARNING] backend.economy.gold_cost_table: Unknown currency api_id 'hedgewitch-assandras-rune-of-wisdom' (normalized: 'hedgewitch_assandras_rune_of_wisdom'). Using fallback gold cost: 200. Add this currency to gold_cost_table.py if the actual cost is known.
2026-05-29 17:44:19,332 [WARNING] backend.economy.gold_cost_table: Unknown currency api_id 'thane-grannells-rune-of-mastery' (normalized: 'thane_grannells_rune_of_mastery'). Using fallback gold cost: 200. Add this currency to gold_cost_table.py if the actual cost is known.
2026-05-29 17:44:19,332 [WARNING] backend.economy.gold_cost_table: Unknown currency api_id 'saqawals-rune-of-memory' (normalized: 'saqawals_rune_of_memory'). Using fallback gold cost: 200. Add this currency to gold_cost_table.py if the actual cost is known.
2026-05-29 17:44:19,332 [WARNING] backend.economy.gold_cost_table: Unknown currency api_id 'saqawals-rune-of-erosion' (normalized: 'saqawals_rune_of_erosion'). Using fallback gold cost: 200. Add this currency to gold_cost_table.py if the actual cost is known.
2026-05-29 17:44:19,333 [WARNING] backend.economy.gold_cost_table: Unknown currency api_id 'greater-robust-rune' (normalized: 'greater_robust_rune'). Using fallback gold cost: 200. Add this currency to gold_cost_table.py if the actual cost is known.
2026-05-29 17:44:19,333 [WARNING] backend.economy.gold_cost_table: Unknown currency api_id 'greater-rune-of-nobility' (normalized: 'greater_rune_of_nobility'). Using fallback gold cost: 200. Add this currency to gold_cost_table.py if the actual cost is known.
2026-05-29 17:44:19,333 [WARNING] backend.economy.gold_cost_table: Unknown currency api_id 'fenumus-rune-of-draining' (normalized: 'fenumus_rune_of_draining'). Using fallback gold cost: 200. Add this currency to gold_cost_table.py if the actual cost is known.
2026-05-29 17:44:19,333 [WARNING] backend.economy.gold_cost_table: Unknown currency api_id 'saqawals-rune-of-the-sky' (normalized: 'saqawals_rune_of_the_sky'). Using fallback gold cost: 200. Add this currency to gold_cost_table.py if the actual cost is known.
2026-05-29 17:44:19,333 [WARNING] backend.economy.gold_cost_table: Unknown currency api_id 'lesser-rebirth-rune' (normalized: 'lesser_rebirth_rune'). Using fallback gold cost: 200. Add this currency to gold_cost_table.py if the actual cost is known.
2026-05-29 17:44:19,333 [WARNING] backend.economy.gold_cost_table: Unknown currency api_id 'lesser-mind-rune' (normalized: 'lesser_mind_rune'). Using fallback gold cost: 200. Add this currency to gold_cost_table.py if the actual cost is known.
2026-05-29 17:44:19,333 [WARNING] backend.economy.gold_cost_table: Unknown currency api_id 'lesser-adept-rune' (normalized: 'lesser_adept_rune'). Using fallback gold cost: 200. Add this currency to gold_cost_table.py if the actual cost is known.
2026-05-29 17:44:19,333 [WARNING] backend.economy.gold_cost_table: Unknown currency api_id 'lesser-storm-rune' (normalized: 'lesser_storm_rune'). Using fallback gold cost: 200. Add this currency to gold_cost_table.py if the actual cost is known.
2026-05-29 17:44:19,333 [WARNING] backend.economy.gold_cost_table: Unknown currency api_id 'body-rune' (normalized: 'body_rune'). Using fallback gold cost: 200. Add this currency to gold_cost_table.py if the actual cost is known.
2026-05-29 17:44:19,333 [WARNING] backend.economy.gold_cost_table: Unknown currency api_id 'farruls-rune-of-the-chase' (normalized: 'farruls_rune_of_the_chase'). Using fallback gold cost: 200. Add this currency to gold_cost_table.py if the actual cost is known.
2026-05-29 17:44:19,333 [WARNING] backend.economy.gold_cost_table: Unknown currency api_id 'lesser-desert-rune' (normalized: 'lesser_desert_rune'). Using fallback gold cost: 200. Add this currency to gold_cost_table.py if the actual cost is known.
2026-05-29 17:44:19,333 [WARNING] backend.economy.gold_cost_table: Unknown currency api_id 'courtesan-mannans-rune-of-cruelty' (normalized: 'courtesan_mannans_rune_of_cruelty'). Using fallback gold cost: 200. Add this currency to gold_cost_table.py if the actual cost is known.
2026-05-29 17:44:19,333 [WARNING] backend.economy.gold_cost_table: Unknown currency api_id 'greater-adept-rune' (normalized: 'greater_adept_rune'). Using fallback gold cost: 200. Add this currency to gold_cost_table.py if the actual cost is known.
2026-05-29 17:44:19,333 [WARNING] backend.economy.gold_cost_table: Unknown currency api_id 'the-greatwolfs-rune-of-claws' (normalized: 'the_greatwolfs_rune_of_claws'). Using fallback gold cost: 200. Add this currency to gold_cost_table.py if the actual cost is known.
2026-05-29 17:44:19,333 [WARNING] backend.economy.gold_cost_table: Unknown currency api_id 'inspiration-rune' (normalized: 'inspiration_rune'). Using fallback gold cost: 200. Add this currency to gold_cost_table.py if the actual cost is known.
2026-05-29 17:44:19,333 [WARNING] backend.economy.gold_cost_table: Unknown currency api_id 'greater-iron-rune' (normalized: 'greater_iron_rune'). Using fallback gold cost: 200. Add this currency to gold_cost_table.py if the actual cost is known.
2026-05-29 17:44:19,333 [WARNING] backend.economy.gold_cost_table: Unknown currency api_id 'farruls-rune-of-the-hunt' (normalized: 'farruls_rune_of_the_hunt'). Using fallback gold cost: 200. Add this currency to gold_cost_table.py if the actual cost is known.
2026-05-29 17:44:19,333 [WARNING] backend.economy.gold_cost_table: Unknown currency api_id 'lesser-vision-rune' (normalized: 'lesser_vision_rune'). Using fallback gold cost: 200. Add this currency to gold_cost_table.py if the actual cost is known.
2026-05-29 17:44:19,333 [WARNING] backend.economy.gold_cost_table: Unknown currency api_id 'thane-lelds-rune-of-spring' (normalized: 'thane_lelds_rune_of_spring'). Using fallback gold cost: 200. Add this currency to gold_cost_table.py if the actual cost is known.
2026-05-29 17:44:19,333 [WARNING] backend.economy.gold_cost_table: Unknown currency api_id 'thane-girts-rune-of-wildness' (normalized: 'thane_girts_rune_of_wildness'). Using fallback gold cost: 200. Add this currency to gold_cost_table.py if the actual cost is known.
2026-05-29 17:44:19,333 [WARNING] backend.economy.gold_cost_table: Unknown currency api_id 'craiceanns-rune-of-warding' (normalized: 'craiceanns_rune_of_warding'). Using fallback gold cost: 200. Add this currency to gold_cost_table.py if the actual cost is known.
2026-05-29 17:44:19,333 [WARNING] backend.economy.gold_cost_table: Unknown currency api_id 'lady-hestras-rune-of-winter' (normalized: 'lady_hestras_rune_of_winter'). Using fallback gold cost: 200. Add this currency to gold_cost_table.py if the actual cost is known.
2026-05-29 17:44:19,333 [WARNING] backend.economy.gold_cost_table: Unknown currency api_id 'farruls-rune-of-grace' (normalized: 'farruls_rune_of_grace'). Using fallback gold cost: 200. Add this currency to gold_cost_table.py if the actual cost is known.
2026-05-29 17:44:19,333 [WARNING] backend.economy.gold_cost_table: Unknown currency api_id 'fenumus-rune-of-agony' (normalized: 'fenumus_rune_of_agony'). Using fallback gold cost: 200. Add this currency to gold_cost_table.py if the actual cost is known.
2026-05-29 17:44:19,333 [WARNING] backend.economy.gold_cost_table: Unknown currency api_id 'fenumus-rune-of-spinning' (normalized: 'fenumus_rune_of_spinning'). Using fallback gold cost: 200. Add this currency to gold_cost_table.py if the actual cost is known.
2026-05-29 17:44:19,333 [WARNING] backend.economy.gold_cost_table: Unknown currency api_id 'lesser-body-rune' (normalized: 'lesser_body_rune'). Using fallback gold cost: 200. Add this currency to gold_cost_table.py if the actual cost is known.
2026-05-29 17:44:19,333 [WARNING] backend.economy.gold_cost_table: Unknown currency api_id 'greater-body-rune' (normalized: 'greater_body_rune'). Using fallback gold cost: 200. Add this currency to gold_cost_table.py if the actual cost is known.
2026-05-29 17:44:19,333 [WARNING] backend.economy.gold_cost_table: Unknown currency api_id 'craiceanns-rune-of-recovery' (normalized: 'craiceanns_rune_of_recovery'). Using fallback gold cost: 200. Add this currency to gold_cost_table.py if the actual cost is known.
2026-05-29 17:44:19,333 [WARNING] backend.economy.gold_cost_table: Unknown currency api_id 'thane-myrks-rune-of-summer' (normalized: 'thane_myrks_rune_of_summer'). Using fallback gold cost: 200. Add this currency to gold_cost_table.py if the actual cost is known.
2026-05-29 17:44:19,333 [WARNING] backend.economy.gold_cost_table: Unknown currency api_id 'the-greatwolfs-rune-of-willpower' (normalized: 'the_greatwolfs_rune_of_willpower'). Using fallback gold cost: 200. Add this currency to gold_cost_table.py if the actual cost is known.
2026-05-29 17:44:19,333 [WARNING] backend.economy.gold_cost_table: Unknown currency api_id 'greater-resolve-rune' (normalized: 'greater_resolve_rune'). Using fallback gold cost: 200. Add this currency to gold_cost_table.py if the actual cost is known.
2026-05-29 17:44:19,333 [WARNING] backend.economy.gold_cost_table: Unknown currency api_id 'lesser-stone-rune' (normalized: 'lesser_stone_rune'). Using fallback gold cost: 200. Add this currency to gold_cost_table.py if the actual cost is known.
2026-05-29 17:44:19,333 [WARNING] backend.economy.gold_cost_table: Unknown currency api_id 'greater-storm-rune' (normalized: 'greater_storm_rune'). Using fallback gold cost: 200. Add this currency to gold_cost_table.py if the actual cost is known.
2026-05-29 17:44:19,334 [WARNING] backend.economy.gold_cost_table: Unknown currency api_id 'greater-vision-rune' (normalized: 'greater_vision_rune'). Using fallback gold cost: 200. Add this currency to gold_cost_table.py if the actual cost is known.
2026-05-29 17:44:19,334 [WARNING] backend.economy.gold_cost_table: Unknown currency api_id 'greater-glacial-rune' (normalized: 'greater_glacial_rune'). Using fallback gold cost: 200. Add this currency to gold_cost_table.py if the actual cost is known.
2026-05-29 17:44:19,334 [WARNING] backend.economy.gold_cost_table: Unknown currency api_id 'greater-desert-rune' (normalized: 'greater_desert_rune'). Using fallback gold cost: 200. Add this currency to gold_cost_table.py if the actual cost is known.
2026-05-29 17:44:19,334 [WARNING] backend.economy.gold_cost_table: Unknown currency api_id 'greater-stone-rune' (normalized: 'greater_stone_rune'). Using fallback gold cost: 200. Add this currency to gold_cost_table.py if the actual cost is known.
2026-05-29 17:44:19,334 [WARNING] backend.economy.gold_cost_table: Unknown currency api_id 'mind-rune' (normalized: 'mind_rune'). Using fallback gold cost: 200. Add this currency to gold_cost_table.py if the actual cost is known.
2026-05-29 17:44:19,334 [WARNING] backend.economy.gold_cost_table: Unknown currency api_id 'vision-rune' (normalized: 'vision_rune'). Using fallback gold cost: 200. Add this currency to gold_cost_table.py if the actual cost is known.
2026-05-29 17:44:19,334 [WARNING] backend.economy.gold_cost_table: Unknown currency api_id 'lesser-resolve-rune' (normalized: 'lesser_resolve_rune'). Using fallback gold cost: 200. Add this currency to gold_cost_table.py if the actual cost is known.
2026-05-29 17:44:19,334 [WARNING] backend.economy.gold_cost_table: Unknown currency api_id 'greater-inspiration-rune' (normalized: 'greater_inspiration_rune'). Using fallback gold cost: 200. Add this currency to gold_cost_table.py if the actual cost is known.
2026-05-29 17:44:19,334 [WARNING] backend.economy.gold_cost_table: Unknown currency api_id 'lesser-inspiration-rune' (normalized: 'lesser_inspiration_rune'). Using fallback gold cost: 200. Add this currency to gold_cost_table.py if the actual cost is known.
2026-05-29 17:44:19,334 [WARNING] backend.economy.gold_cost_table: Unknown currency api_id 'greater-mind-rune' (normalized: 'greater_mind_rune'). Using fallback gold cost: 200. Add this currency to gold_cost_table.py if the actual cost is known.
2026-05-29 17:44:19,334 [WARNING] backend.economy.gold_cost_table: Unknown currency api_id 'stone-rune' (normalized: 'stone_rune'). Using fallback gold cost: 200. Add this currency to gold_cost_table.py if the actual cost is known.
2026-05-29 17:44:19,334 [WARNING] backend.economy.gold_cost_table: Unknown currency api_id 'greater-rebirth-rune' (normalized: 'greater_rebirth_rune'). Using fallback gold cost: 200. Add this currency to gold_cost_table.py if the actual cost is known.
2026-05-29 17:44:19,334 [WARNING] backend.economy.gold_cost_table: Unknown currency api_id 'glacial-rune' (normalized: 'glacial_rune'). Using fallback gold cost: 200. Add this currency to gold_cost_table.py if the actual cost is known.
2026-05-29 17:44:19,334 [WARNING] backend.economy.gold_cost_table: Unknown currency api_id 'resolve-rune' (normalized: 'resolve_rune'). Using fallback gold cost: 200. Add this currency to gold_cost_table.py if the actual cost is known.
2026-05-29 17:44:19,334 [WARNING] backend.economy.gold_cost_table: Unknown currency api_id 'lesser-robust-rune' (normalized: 'lesser_robust_rune'). Using fallback gold cost: 200. Add this currency to gold_cost_table.py if the actual cost is known.
2026-05-29 17:44:19,334 [WARNING] backend.economy.gold_cost_table: Unknown currency api_id 'xopecs-soul-core-of-power' (normalized: 'xopecs_soul_core_of_power'). Using fallback gold cost: 200. Add this currency to gold_cost_table.py if the actual cost is known.
2026-05-29 17:44:19,334 [WARNING] backend.economy.gold_cost_table: Unknown currency api_id 'opilotis-soul-core-of-assault' (normalized: 'opilotis_soul_core_of_assault'). Using fallback gold cost: 200. Add this currency to gold_cost_table.py if the actual cost is known.
2026-05-29 17:44:19,334 [WARNING] backend.economy.gold_cost_table: Unknown currency api_id 'soul-core-of-quipolatl' (normalized: 'soul_core_of_quipolatl'). Using fallback gold cost: 200. Add this currency to gold_cost_table.py if the actual cost is known.
2026-05-29 17:44:19,334 [WARNING] backend.economy.gold_cost_table: Unknown currency api_id 'soul-core-of-jiquani' (normalized: 'soul_core_of_jiquani'). Using fallback gold cost: 200. Add this currency to gold_cost_table.py if the actual cost is known.
2026-05-29 17:44:19,334 [WARNING] backend.economy.gold_cost_table: Unknown currency api_id 'guatelitzis-soul-core-of-endurance' (normalized: 'guatelitzis_soul_core_of_endurance'). Using fallback gold cost: 200. Add this currency to gold_cost_table.py if the actual cost is known.
2026-05-29 17:44:19,334 [WARNING] backend.economy.gold_cost_table: Unknown currency api_id 'soul-core-of-ticaba' (normalized: 'soul_core_of_ticaba'). Using fallback gold cost: 200. Add this currency to gold_cost_table.py if the actual cost is known.
2026-05-29 17:44:19,334 [WARNING] backend.economy.gold_cost_table: Unknown currency api_id 'soul-core-of-azcapa' (normalized: 'soul_core_of_azcapa'). Using fallback gold cost: 200. Add this currency to gold_cost_table.py if the actual cost is known.
2026-05-29 17:44:19,334 [WARNING] backend.economy.gold_cost_table: Unknown currency api_id 'soul-core-of-zalatl' (normalized: 'soul_core_of_zalatl'). Using fallback gold cost: 200. Add this currency to gold_cost_table.py if the actual cost is known.
2026-05-29 17:44:19,334 [WARNING] backend.economy.gold_cost_table: Unknown currency api_id 'estazuntis-soul-core-of-convalescence' (normalized: 'estazuntis_soul_core_of_convalescence'). Using fallback gold cost: 200. Add this currency to gold_cost_table.py if the actual cost is known.
2026-05-29 17:44:19,334 [WARNING] backend.economy.gold_cost_table: Unknown currency api_id 'quipolatls-soul-core-of-flow' (normalized: 'quipolatls_soul_core_of_flow'). Using fallback gold cost: 200. Add this currency to gold_cost_table.py if the actual cost is known.
2026-05-29 17:44:19,334 [WARNING] backend.economy.gold_cost_table: Unknown currency api_id 'cholotls-soul-core-of-war' (normalized: 'cholotls_soul_core_of_war'). Using fallback gold cost: 200. Add this currency to gold_cost_table.py if the actual cost is known.
2026-05-29 17:44:19,334 [WARNING] backend.economy.gold_cost_table: Unknown currency api_id 'soul-core-of-atmohua' (normalized: 'soul_core_of_atmohua'). Using fallback gold cost: 200. Add this currency to gold_cost_table.py if the actual cost is known.
2026-05-29 17:44:19,334 [WARNING] backend.economy.gold_cost_table: Unknown currency api_id 'soul-core-of-cholotl' (normalized: 'soul_core_of_cholotl'). Using fallback gold cost: 200. Add this currency to gold_cost_table.py if the actual cost is known.
2026-05-29 17:44:19,334 [WARNING] backend.economy.gold_cost_table: Unknown currency api_id 'tacatis-soul-core-of-affliction' (normalized: 'tacatis_soul_core_of_affliction'). Using fallback gold cost: 200. Add this currency to gold_cost_table.py if the actual cost is known.
2026-05-29 17:44:19,334 [WARNING] backend.economy.gold_cost_table: Unknown currency api_id 'tzamotos-soul-core-of-ferocity' (normalized: 'tzamotos_soul_core_of_ferocity'). Using fallback gold cost: 200. Add this currency to gold_cost_table.py if the actual cost is known.
2026-05-29 17:44:19,334 [WARNING] backend.economy.gold_cost_table: Unknown currency api_id 'uromotis-soul-core-of-attenuation' (normalized: 'uromotis_soul_core_of_attenuation'). Using fallback gold cost: 200. Add this currency to gold_cost_table.py if the actual cost is known.
2026-05-29 17:44:19,334 [WARNING] backend.economy.gold_cost_table: Unknown currency api_id 'soul-core-of-citaqualotl' (normalized: 'soul_core_of_citaqualotl'). Using fallback gold cost: 200. Add this currency to gold_cost_table.py if the actual cost is known.
2026-05-29 17:44:19,334 [WARNING] backend.economy.gold_cost_table: Unknown currency api_id 'soul-core-of-puhuarte' (normalized: 'soul_core_of_puhuarte'). Using fallback gold cost: 200. Add this currency to gold_cost_table.py if the actual cost is known.
2026-05-29 17:44:19,334 [WARNING] backend.economy.gold_cost_table: Unknown currency api_id 'soul-core-of-tzamoto' (normalized: 'soul_core_of_tzamoto'). Using fallback gold cost: 200. Add this currency to gold_cost_table.py if the actual cost is known.
2026-05-29 17:44:19,335 [WARNING] backend.economy.gold_cost_table: Unknown currency api_id 'xipocados-soul-core-of-dominion' (normalized: 'xipocados_soul_core_of_dominion'). Using fallback gold cost: 200. Add this currency to gold_cost_table.py if the actual cost is known.
2026-05-29 17:44:19,335 [WARNING] backend.economy.gold_cost_table: Unknown currency api_id 'topotantes-soul-core-of-dampening' (normalized: 'topotantes_soul_core_of_dampening'). Using fallback gold cost: 200. Add this currency to gold_cost_table.py if the actual cost is known.
2026-05-29 17:44:19,335 [WARNING] backend.economy.gold_cost_table: Unknown currency api_id 'hayoxis-soul-core-of-heatproofing' (normalized: 'hayoxis_soul_core_of_heatproofing'). Using fallback gold cost: 200. Add this currency to gold_cost_table.py if the actual cost is known.
2026-05-29 17:44:19,335 [WARNING] backend.economy.gold_cost_table: Unknown currency api_id 'citaqualotls-soul-core-of-foulness' (normalized: 'citaqualotls_soul_core_of_foulness'). Using fallback gold cost: 200. Add this currency to gold_cost_table.py if the actual cost is known.
2026-05-29 17:44:19,335 [WARNING] backend.economy.gold_cost_table: Unknown currency api_id 'zalatls-soul-core-of-insulation' (normalized: 'zalatls_soul_core_of_insulation'). Using fallback gold cost: 200. Add this currency to gold_cost_table.py if the actual cost is known.
2026-05-29 17:44:19,335 [WARNING] backend.economy.gold_cost_table: Unknown currency api_id 'soul-core-of-tacati' (normalized: 'soul_core_of_tacati'). Using fallback gold cost: 200. Add this currency to gold_cost_table.py if the actual cost is known.
2026-05-29 17:44:19,335 [WARNING] backend.economy.gold_cost_table: Unknown currency api_id 'atmohuas-soul-core-of-retreat' (normalized: 'atmohuas_soul_core_of_retreat'). Using fallback gold cost: 200. Add this currency to gold_cost_table.py if the actual cost is known.
2026-05-29 17:44:19,335 [WARNING] backend.economy.gold_cost_table: Unknown currency api_id 'soul-core-of-zantipi' (normalized: 'soul_core_of_zantipi'). Using fallback gold cost: 200. Add this currency to gold_cost_table.py if the actual cost is known.
2026-05-29 17:44:19,335 [WARNING] backend.economy.gold_cost_table: Unknown currency api_id 'soul-core-of-topotante' (normalized: 'soul_core_of_topotante'). Using fallback gold cost: 200. Add this currency to gold_cost_table.py if the actual cost is known.
2026-05-29 17:44:19,335 [WARNING] backend.economy.gold_cost_table: Unknown currency api_id 'soul-core-of-opiloti' (normalized: 'soul_core_of_opiloti'). Using fallback gold cost: 200. Add this currency to gold_cost_table.py if the actual cost is known.
2026-05-29 17:44:19,335 [WARNING] backend.economy.gold_cost_table: Unknown currency api_id 'soul-core-of-xopec' (normalized: 'soul_core_of_xopec'). Using fallback gold cost: 200. Add this currency to gold_cost_table.py if the actual cost is known.
2026-05-29 17:44:19,335 [WARNING] backend.economy.gold_cost_table: Unknown currency api_id 'sun-artifact' (normalized: 'sun_artifact'). Using fallback gold cost: 200. Add this currency to gold_cost_table.py if the actual cost is known.
2026-05-29 17:44:19,335 [WARNING] backend.economy.gold_cost_table: Unknown currency api_id 'black-scythe-artifact' (normalized: 'black_scythe_artifact'). Using fallback gold cost: 200. Add this currency to gold_cost_table.py if the actual cost is known.
2026-05-29 17:44:19,335 [WARNING] backend.economy.gold_cost_table: Unknown currency api_id 'broken-circle-artifact' (normalized: 'broken_circle_artifact'). Using fallback gold cost: 200. Add this currency to gold_cost_table.py if the actual cost is known.
2026-05-29 17:44:19,335 [WARNING] backend.economy.gold_cost_table: Unknown currency api_id 'exotic-coinage' (normalized: 'exotic_coinage'). Using fallback gold cost: 200. Add this currency to gold_cost_table.py if the actual cost is known.
2026-05-29 17:44:19,335 [WARNING] backend.economy.gold_cost_table: Unknown currency api_id 'order-artifact' (normalized: 'order_artifact'). Using fallback gold cost: 200. Add this currency to gold_cost_table.py if the actual cost is known.
2026-05-29 17:44:19,335 [WARNING] backend.economy.gold_cost_table: Unknown currency api_id 'omen-of-whittling' (normalized: 'omen_of_whittling'). Using fallback gold cost: 200. Add this currency to gold_cost_table.py if the actual cost is known.
2026-05-29 17:44:19,335 [WARNING] backend.economy.gold_cost_table: Unknown currency api_id 'omen-of-sinistral-erasure' (normalized: 'omen_of_sinistral_erasure'). Using fallback gold cost: 200. Add this currency to gold_cost_table.py if the actual cost is known.
2026-05-29 17:44:19,335 [WARNING] backend.economy.gold_cost_table: Unknown currency api_id 'omen-of-dextral-annulment' (normalized: 'omen_of_dextral_annulment'). Using fallback gold cost: 200. Add this currency to gold_cost_table.py if the actual cost is known.
2026-05-29 17:44:19,335 [WARNING] backend.economy.gold_cost_table: Unknown currency api_id 'omen-of-sinistral-annulment' (normalized: 'omen_of_sinistral_annulment'). Using fallback gold cost: 200. Add this currency to gold_cost_table.py if the actual cost is known.
2026-05-29 17:44:19,335 [WARNING] backend.economy.gold_cost_table: Unknown currency api_id 'omen-of-dextral-erasure' (normalized: 'omen_of_dextral_erasure'). Using fallback gold cost: 200. Add this currency to gold_cost_table.py if the actual cost is known.
2026-05-29 17:44:19,335 [WARNING] backend.economy.gold_cost_table: Unknown currency api_id 'omen-of-light' (normalized: 'omen_of_light'). Using fallback gold cost: 200. Add this currency to gold_cost_table.py if the actual cost is known.
2026-05-29 17:44:19,335 [WARNING] backend.economy.gold_cost_table: Unknown currency api_id 'omen-of-chance' (normalized: 'omen_of_chance'). Using fallback gold cost: 200. Add this currency to gold_cost_table.py if the actual cost is known.
2026-05-29 17:44:19,335 [WARNING] backend.economy.gold_cost_table: Unknown currency api_id 'omen-of-corruption' (normalized: 'omen_of_corruption'). Using fallback gold cost: 200. Add this currency to gold_cost_table.py if the actual cost is known.
2026-05-29 17:44:19,335 [WARNING] backend.economy.gold_cost_table: Unknown currency api_id 'omen-of-sanctification' (normalized: 'omen_of_sanctification'). Using fallback gold cost: 200. Add this currency to gold_cost_table.py if the actual cost is known.
2026-05-29 17:44:19,335 [WARNING] backend.economy.gold_cost_table: Unknown currency api_id 'omen-of-the-blessed' (normalized: 'omen_of_the_blessed'). Using fallback gold cost: 200. Add this currency to gold_cost_table.py if the actual cost is known.
2026-05-29 17:44:19,335 [WARNING] backend.economy.gold_cost_table: Unknown currency api_id 'omen-of-abyssal-favours' (normalized: 'omen_of_abyssal_favours'). Using fallback gold cost: 200. Add this currency to gold_cost_table.py if the actual cost is known.
2026-05-29 17:44:19,335 [WARNING] backend.economy.gold_cost_table: Unknown currency api_id 'omen-of-the-hunt' (normalized: 'omen_of_the_hunt'). Using fallback gold cost: 200. Add this currency to gold_cost_table.py if the actual cost is known.
2026-05-29 17:44:19,335 [WARNING] backend.economy.gold_cost_table: Unknown currency api_id 'omen-of-dextral-crystallisation' (normalized: 'omen_of_dextral_crystallisation'). Using fallback gold cost: 200. Add this currency to gold_cost_table.py if the actual cost is known.
2026-05-29 17:44:19,335 [WARNING] backend.economy.gold_cost_table: Unknown currency api_id 'omen-of-the-blackblooded' (normalized: 'omen_of_the_blackblooded'). Using fallback gold cost: 200. Add this currency to gold_cost_table.py if the actual cost is known.
2026-05-29 17:44:19,335 [WARNING] backend.economy.gold_cost_table: Unknown currency api_id 'omen-of-secret-compartments' (normalized: 'omen_of_secret_compartments'). Using fallback gold cost: 200. Add this currency to gold_cost_table.py if the actual cost is known.
2026-05-29 17:44:19,335 [WARNING] backend.economy.gold_cost_table: Unknown currency api_id 'omen-of-sinistral-crystallisation' (normalized: 'omen_of_sinistral_crystallisation'). Using fallback gold cost: 200. Add this currency to gold_cost_table.py if the actual cost is known.
2026-05-29 17:44:19,336 [WARNING] backend.economy.gold_cost_table: Unknown currency api_id 'omen-of-putrefaction' (normalized: 'omen_of_putrefaction'). Using fallback gold cost: 200. Add this currency to gold_cost_table.py if the actual cost is known.
2026-05-29 17:44:19,336 [WARNING] backend.economy.gold_cost_table: Unknown currency api_id 'omen-of-reinforcements' (normalized: 'omen_of_reinforcements'). Using fallback gold cost: 200. Add this currency to gold_cost_table.py if the actual cost is known.
2026-05-29 17:44:19,336 [WARNING] backend.economy.gold_cost_table: Unknown currency api_id 'omen-of-sinistral-exaltation' (normalized: 'omen_of_sinistral_exaltation'). Using fallback gold cost: 200. Add this currency to gold_cost_table.py if the actual cost is known.
2026-05-29 17:44:19,336 [WARNING] backend.economy.gold_cost_table: Unknown currency api_id 'omen-of-bartering' (normalized: 'omen_of_bartering'). Using fallback gold cost: 200. Add this currency to gold_cost_table.py if the actual cost is known.
2026-05-29 17:44:19,336 [WARNING] backend.economy.gold_cost_table: Unknown currency api_id 'omen-of-the-ancients' (normalized: 'omen_of_the_ancients'). Using fallback gold cost: 200. Add this currency to gold_cost_table.py if the actual cost is known.
2026-05-29 17:44:19,336 [WARNING] backend.economy.gold_cost_table: Unknown currency api_id 'omen-of-sinistral-necromancy' (normalized: 'omen_of_sinistral_necromancy'). Using fallback gold cost: 200. Add this currency to gold_cost_table.py if the actual cost is known.
2026-05-29 17:44:19,336 [WARNING] backend.economy.gold_cost_table: Unknown currency api_id 'omen-of-catalysing-exaltation' (normalized: 'omen_of_catalysing_exaltation'). Using fallback gold cost: 200. Add this currency to gold_cost_table.py if the actual cost is known.
2026-05-29 17:44:19,336 [WARNING] backend.economy.gold_cost_table: Unknown currency api_id 'omen-of-amelioration' (normalized: 'omen_of_amelioration'). Using fallback gold cost: 200. Add this currency to gold_cost_table.py if the actual cost is known.
2026-05-29 17:44:19,336 [WARNING] backend.economy.gold_cost_table: Unknown currency api_id 'omen-of-recombination' (normalized: 'omen_of_recombination'). Using fallback gold cost: 200. Add this currency to gold_cost_table.py if the actual cost is known.
2026-05-29 17:44:19,336 [WARNING] backend.economy.gold_cost_table: Unknown currency api_id 'omen-of-chaotic-monsters' (normalized: 'omen_of_chaotic_monsters'). Using fallback gold cost: 200. Add this currency to gold_cost_table.py if the actual cost is known.
2026-05-29 17:44:19,336 [WARNING] backend.economy.gold_cost_table: Unknown currency api_id 'omen-of-dextral-exaltation' (normalized: 'omen_of_dextral_exaltation'). Using fallback gold cost: 200. Add this currency to gold_cost_table.py if the actual cost is known.
2026-05-29 17:44:19,336 [WARNING] backend.economy.gold_cost_table: Unknown currency api_id 'omen-of-dextral-necromancy' (normalized: 'omen_of_dextral_necromancy'). Using fallback gold cost: 200. Add this currency to gold_cost_table.py if the actual cost is known.
2026-05-29 17:44:19,336 [WARNING] backend.economy.gold_cost_table: Unknown currency api_id 'omen-of-chaotic-rarity' (normalized: 'omen_of_chaotic_rarity'). Using fallback gold cost: 200. Add this currency to gold_cost_table.py if the actual cost is known.
2026-05-29 17:44:19,336 [WARNING] backend.economy.gold_cost_table: Unknown currency api_id 'omen-of-chaotic-quantity' (normalized: 'omen_of_chaotic_quantity'). Using fallback gold cost: 200. Add this currency to gold_cost_table.py if the actual cost is known.
2026-05-29 17:44:19,336 [WARNING] backend.economy.gold_cost_table: Unknown currency api_id 'omen-of-the-sovereign' (normalized: 'omen_of_the_sovereign'). Using fallback gold cost: 200. Add this currency to gold_cost_table.py if the actual cost is known.
2026-05-29 17:44:19,336 [WARNING] backend.economy.gold_cost_table: Unknown currency api_id 'omen-of-greater-exaltation' (normalized: 'omen_of_greater_exaltation'). Using fallback gold cost: 200. Add this currency to gold_cost_table.py if the actual cost is known.
2026-05-29 17:44:19,336 [WARNING] backend.economy.gold_cost_table: Unknown currency api_id 'omen-of-the-liege' (normalized: 'omen_of_the_liege'). Using fallback gold cost: 200. Add this currency to gold_cost_table.py if the actual cost is known.
2026-05-29 17:44:19,336 [WARNING] backend.economy.gold_cost_table: Unknown currency api_id 'omen-of-refreshment' (normalized: 'omen_of_refreshment'). Using fallback gold cost: 200. Add this currency to gold_cost_table.py if the actual cost is known.
2026-05-29 17:44:19,336 [WARNING] backend.economy.gold_cost_table: Unknown currency api_id 'omen-of-gambling' (normalized: 'omen_of_gambling'). Using fallback gold cost: 200. Add this currency to gold_cost_table.py if the actual cost is known.
2026-05-29 17:44:19,336 [WARNING] backend.economy.gold_cost_table: Unknown currency api_id 'omen-of-resurgence' (normalized: 'omen_of_resurgence'). Using fallback gold cost: 200. Add this currency to gold_cost_table.py if the actual cost is known.
2026-05-29 17:44:19,336 [WARNING] backend.economy.gold_cost_table: Unknown currency api_id 'omen-of-answered-prayers' (normalized: 'omen_of_answered_prayers'). Using fallback gold cost: 200. Add this currency to gold_cost_table.py if the actual cost is known.
2026-05-29 17:44:19,336 [WARNING] backend.economy.gold_cost_table: Unknown currency api_id 'petition-splinter' (normalized: 'petition_splinter'). Using fallback gold cost: 200. Add this currency to gold_cost_table.py if the actual cost is known.
2026-05-29 17:44:19,336 [WARNING] backend.economy.gold_cost_table: Unknown currency api_id 'eshs-catalyst' (normalized: 'eshs_catalyst'). Using fallback gold cost: 200. Add this currency to gold_cost_table.py if the actual cost is known.
2026-05-29 17:44:19,336 [WARNING] backend.economy.gold_cost_table: Unknown currency api_id 'reaver-catalyst' (normalized: 'reaver_catalyst'). Using fallback gold cost: 200. Add this currency to gold_cost_table.py if the actual cost is known.
2026-05-29 17:44:19,336 [WARNING] backend.economy.gold_cost_table: Unknown currency api_id 'sibilant-catalyst' (normalized: 'sibilant_catalyst'). Using fallback gold cost: 200. Add this currency to gold_cost_table.py if the actual cost is known.
2026-05-29 17:44:19,336 [WARNING] backend.economy.gold_cost_table: Unknown currency api_id 'neural-catalyst' (normalized: 'neural_catalyst'). Using fallback gold cost: 200. Add this currency to gold_cost_table.py if the actual cost is known.
2026-05-29 17:44:19,336 [WARNING] backend.economy.gold_cost_table: Unknown currency api_id 'skittering-catalyst' (normalized: 'skittering_catalyst'). Using fallback gold cost: 200. Add this currency to gold_cost_table.py if the actual cost is known.
2026-05-29 17:44:19,336 [WARNING] backend.economy.gold_cost_table: Unknown currency api_id 'tuls-catalyst' (normalized: 'tuls_catalyst'). Using fallback gold cost: 200. Add this currency to gold_cost_table.py if the actual cost is known.
2026-05-29 17:44:19,336 [WARNING] backend.economy.gold_cost_table: Unknown currency api_id 'xophs-catalyst' (normalized: 'xophs_catalyst'). Using fallback gold cost: 200. Add this currency to gold_cost_table.py if the actual cost is known.
2026-05-29 17:44:19,336 [WARNING] backend.economy.gold_cost_table: Unknown currency api_id 'chayulas-catalyst' (normalized: 'chayulas_catalyst'). Using fallback gold cost: 200. Add this currency to gold_cost_table.py if the actual cost is known.
2026-05-29 17:44:19,336 [WARNING] backend.economy.gold_cost_table: Unknown currency api_id 'adaptive-catalyst' (normalized: 'adaptive_catalyst'). Using fallback gold cost: 200. Add this currency to gold_cost_table.py if the actual cost is known.
2026-05-29 17:44:19,336 [WARNING] backend.economy.gold_cost_table: Unknown currency api_id 'carapace-catalyst' (normalized: 'carapace_catalyst'). Using fallback gold cost: 200. Add this currency to gold_cost_table.py if the actual cost is known.
2026-05-29 17:44:19,337 [WARNING] backend.economy.gold_cost_table: Unknown currency api_id 'uul-netols-catalyst' (normalized: 'uul_netols_catalyst'). Using fallback gold cost: 200. Add this currency to gold_cost_table.py if the actual cost is known.
2026-05-29 17:44:19,337 [WARNING] backend.economy.gold_cost_table: Unknown currency api_id 'flesh-catalyst' (normalized: 'flesh_catalyst'). Using fallback gold cost: 200. Add this currency to gold_cost_table.py if the actual cost is known.
2026-05-29 17:44:19,337 [WARNING] backend.economy.gold_cost_table: Unknown currency api_id 'ancient-jawbone' (normalized: 'ancient_jawbone'). Using fallback gold cost: 200. Add this currency to gold_cost_table.py if the actual cost is known.
2026-05-29 17:44:19,337 [WARNING] backend.economy.gold_cost_table: Unknown currency api_id 'ancient-collarbone' (normalized: 'ancient_collarbone'). Using fallback gold cost: 200. Add this currency to gold_cost_table.py if the actual cost is known.
2026-05-29 17:44:19,337 [WARNING] backend.economy.gold_cost_table: Unknown currency api_id 'tecrods-gaze' (normalized: 'tecrods_gaze'). Using fallback gold cost: 200. Add this currency to gold_cost_table.py if the actual cost is known.
2026-05-29 17:44:19,337 [WARNING] backend.economy.gold_cost_table: Unknown currency api_id 'ancient-rib' (normalized: 'ancient_rib'). Using fallback gold cost: 200. Add this currency to gold_cost_table.py if the actual cost is known.
2026-05-29 17:44:19,337 [WARNING] backend.economy.gold_cost_table: Unknown currency api_id 'kurgals-gaze' (normalized: 'kurgals_gaze'). Using fallback gold cost: 200. Add this currency to gold_cost_table.py if the actual cost is known.
2026-05-29 17:44:19,337 [WARNING] backend.economy.gold_cost_table: Unknown currency api_id 'amanamus-gaze' (normalized: 'amanamus_gaze'). Using fallback gold cost: 200. Add this currency to gold_cost_table.py if the actual cost is known.
2026-05-29 17:44:19,337 [WARNING] backend.economy.gold_cost_table: Unknown currency api_id 'ulamans-gaze' (normalized: 'ulamans_gaze'). Using fallback gold cost: 200. Add this currency to gold_cost_table.py if the actual cost is known.
2026-05-29 17:44:19,337 [WARNING] backend.economy.gold_cost_table: Unknown currency api_id 'abyss-key' (normalized: 'abyss_key'). Using fallback gold cost: 200. Add this currency to gold_cost_table.py if the actual cost is known.
2026-05-29 17:44:19,337 [WARNING] backend.economy.gold_cost_table: Unknown currency api_id 'preserved-cranium' (normalized: 'preserved_cranium'). Using fallback gold cost: 200. Add this currency to gold_cost_table.py if the actual cost is known.
2026-05-29 17:44:19,337 [WARNING] backend.economy.gold_cost_table: Unknown currency api_id 'gnawed-jawbone' (normalized: 'gnawed_jawbone'). Using fallback gold cost: 200. Add this currency to gold_cost_table.py if the actual cost is known.
2026-05-29 17:44:19,337 [WARNING] backend.economy.gold_cost_table: Unknown currency api_id 'gnawed-collarbone' (normalized: 'gnawed_collarbone'). Using fallback gold cost: 200. Add this currency to gold_cost_table.py if the actual cost is known.
2026-05-29 17:44:19,337 [WARNING] backend.economy.gold_cost_table: Unknown currency api_id 'preserved-rib' (normalized: 'preserved_rib'). Using fallback gold cost: 200. Add this currency to gold_cost_table.py if the actual cost is known.
2026-05-29 17:44:19,337 [WARNING] backend.economy.gold_cost_table: Unknown currency api_id 'preserved-jawbone' (normalized: 'preserved_jawbone'). Using fallback gold cost: 200. Add this currency to gold_cost_table.py if the actual cost is known.
2026-05-29 17:44:19,337 [WARNING] backend.economy.gold_cost_table: Unknown currency api_id 'gnawed-rib' (normalized: 'gnawed_rib'). Using fallback gold cost: 200. Add this currency to gold_cost_table.py if the actual cost is known.
2026-05-29 17:44:19,337 [WARNING] backend.economy.gold_cost_table: Unknown currency api_id 'preserved-collarbone' (normalized: 'preserved_collarbone'). Using fallback gold cost: 200. Add this currency to gold_cost_table.py if the actual cost is known.
2026-05-29 17:44:19,337 [WARNING] backend.economy.gold_cost_table: Unknown currency api_id 'uncut-spirit-gem-8' (normalized: 'uncut_spirit_gem_8'). Using fallback gold cost: 200. Add this currency to gold_cost_table.py if the actual cost is known.
2026-05-29 17:44:19,337 [WARNING] backend.economy.gold_cost_table: Unknown currency api_id 'uncut-spirit-gem-20' (normalized: 'uncut_spirit_gem_20'). Using fallback gold cost: 200. Add this currency to gold_cost_table.py if the actual cost is known.
2026-05-29 17:44:19,337 [WARNING] backend.economy.gold_cost_table: Unknown currency api_id 'uncut-spirit-gem-9' (normalized: 'uncut_spirit_gem_9'). Using fallback gold cost: 200. Add this currency to gold_cost_table.py if the actual cost is known.
2026-05-29 17:44:19,337 [WARNING] backend.economy.gold_cost_table: Unknown currency api_id 'uncut-spirit-gem-7' (normalized: 'uncut_spirit_gem_7'). Using fallback gold cost: 200. Add this currency to gold_cost_table.py if the actual cost is known.
2026-05-29 17:44:19,337 [WARNING] backend.economy.gold_cost_table: Unknown currency api_id 'uncut-spirit-gem-15' (normalized: 'uncut_spirit_gem_15'). Using fallback gold cost: 200. Add this currency to gold_cost_table.py if the actual cost is known.
2026-05-29 17:44:19,337 [WARNING] backend.economy.gold_cost_table: Unknown currency api_id 'uncut-spirit-gem-14' (normalized: 'uncut_spirit_gem_14'). Using fallback gold cost: 200. Add this currency to gold_cost_table.py if the actual cost is known.
2026-05-29 17:44:19,337 [WARNING] backend.economy.gold_cost_table: Unknown currency api_id 'uncut-spirit-gem-5' (normalized: 'uncut_spirit_gem_5'). Using fallback gold cost: 200. Add this currency to gold_cost_table.py if the actual cost is known.
2026-05-29 17:44:19,337 [WARNING] backend.economy.gold_cost_table: Unknown currency api_id 'uncut-spirit-gem-6' (normalized: 'uncut_spirit_gem_6'). Using fallback gold cost: 200. Add this currency to gold_cost_table.py if the actual cost is known.
2026-05-29 17:44:19,337 [WARNING] backend.economy.gold_cost_table: Unknown currency api_id 'uncut-spirit-gem-16' (normalized: 'uncut_spirit_gem_16'). Using fallback gold cost: 200. Add this currency to gold_cost_table.py if the actual cost is known.
2026-05-29 17:44:19,337 [WARNING] backend.economy.gold_cost_table: Unknown currency api_id 'uncut-skill-gem-3' (normalized: 'uncut_skill_gem_3'). Using fallback gold cost: 200. Add this currency to gold_cost_table.py if the actual cost is known.
2026-05-29 17:44:19,337 [WARNING] backend.economy.gold_cost_table: Unknown currency api_id 'uncut-skill-gem-16' (normalized: 'uncut_skill_gem_16'). Using fallback gold cost: 200. Add this currency to gold_cost_table.py if the actual cost is known.
2026-05-29 17:44:19,337 [WARNING] backend.economy.gold_cost_table: Unknown currency api_id 'uncut-spirit-gem-4' (normalized: 'uncut_spirit_gem_4'). Using fallback gold cost: 200. Add this currency to gold_cost_table.py if the actual cost is known.
2026-05-29 17:44:19,337 [WARNING] backend.economy.gold_cost_table: Unknown currency api_id 'uncut-skill-gem-20' (normalized: 'uncut_skill_gem_20'). Using fallback gold cost: 200. Add this currency to gold_cost_table.py if the actual cost is known.
2026-05-29 17:44:19,337 [WARNING] backend.economy.gold_cost_table: Unknown currency api_id 'uncut-skill-gem-10' (normalized: 'uncut_skill_gem_10'). Using fallback gold cost: 200. Add this currency to gold_cost_table.py if the actual cost is known.
2026-05-29 17:44:19,337 [WARNING] backend.economy.gold_cost_table: Unknown currency api_id 'uncut-skill-gem-6' (normalized: 'uncut_skill_gem_6'). Using fallback gold cost: 200. Add this currency to gold_cost_table.py if the actual cost is known.
2026-05-29 17:44:19,337 [WARNING] backend.economy.gold_cost_table: Unknown currency api_id 'uncut-skill-gem-2' (normalized: 'uncut_skill_gem_2'). Using fallback gold cost: 200. Add this currency to gold_cost_table.py if the actual cost is known.
2026-05-29 17:44:19,338 [WARNING] backend.economy.gold_cost_table: Unknown currency api_id 'uncut-skill-gem-7' (normalized: 'uncut_skill_gem_7'). Using fallback gold cost: 200. Add this currency to gold_cost_table.py if the actual cost is known.
2026-05-29 17:44:19,338 [WARNING] backend.economy.gold_cost_table: Unknown currency api_id 'uncut-spirit-gem-10' (normalized: 'uncut_spirit_gem_10'). Using fallback gold cost: 200. Add this currency to gold_cost_table.py if the actual cost is known.
2026-05-29 17:44:19,338 [WARNING] backend.economy.gold_cost_table: Unknown currency api_id 'uncut-skill-gem-4' (normalized: 'uncut_skill_gem_4'). Using fallback gold cost: 200. Add this currency to gold_cost_table.py if the actual cost is known.
2026-05-29 17:44:19,338 [WARNING] backend.economy.gold_cost_table: Unknown currency api_id 'uncut-support-gem-4' (normalized: 'uncut_support_gem_4'). Using fallback gold cost: 200. Add this currency to gold_cost_table.py if the actual cost is known.
2026-05-29 17:44:19,338 [WARNING] backend.economy.gold_cost_table: Unknown currency api_id 'uncut-skill-gem-8' (normalized: 'uncut_skill_gem_8'). Using fallback gold cost: 200. Add this currency to gold_cost_table.py if the actual cost is known.
2026-05-29 17:44:19,338 [WARNING] backend.economy.gold_cost_table: Unknown currency api_id 'uncut-skill-gem-15' (normalized: 'uncut_skill_gem_15'). Using fallback gold cost: 200. Add this currency to gold_cost_table.py if the actual cost is known.
2026-05-29 17:44:19,338 [WARNING] backend.economy.gold_cost_table: Unknown currency api_id 'uncut-skill-gem-9' (normalized: 'uncut_skill_gem_9'). Using fallback gold cost: 200. Add this currency to gold_cost_table.py if the actual cost is known.
2026-05-29 17:44:19,338 [WARNING] backend.economy.gold_cost_table: Unknown currency api_id 'uncut-spirit-gem-17' (normalized: 'uncut_spirit_gem_17'). Using fallback gold cost: 200. Add this currency to gold_cost_table.py if the actual cost is known.
2026-05-29 17:44:19,338 [WARNING] backend.economy.gold_cost_table: Unknown currency api_id 'uncut-support-gem-5' (normalized: 'uncut_support_gem_5'). Using fallback gold cost: 200. Add this currency to gold_cost_table.py if the actual cost is known.
2026-05-29 17:44:19,338 [WARNING] backend.economy.gold_cost_table: Unknown currency api_id 'uncut-spirit-gem-11' (normalized: 'uncut_spirit_gem_11'). Using fallback gold cost: 200. Add this currency to gold_cost_table.py if the actual cost is known.
2026-05-29 17:44:19,338 [WARNING] backend.economy.gold_cost_table: Unknown currency api_id 'uncut-support-gem-2' (normalized: 'uncut_support_gem_2'). Using fallback gold cost: 200. Add this currency to gold_cost_table.py if the actual cost is known.
2026-05-29 17:44:19,338 [WARNING] backend.economy.gold_cost_table: Unknown currency api_id 'uncut-spirit-gem-13' (normalized: 'uncut_spirit_gem_13'). Using fallback gold cost: 200. Add this currency to gold_cost_table.py if the actual cost is known.
2026-05-29 17:44:19,338 [WARNING] backend.economy.gold_cost_table: Unknown currency api_id 'uncut-skill-gem-1' (normalized: 'uncut_skill_gem_1'). Using fallback gold cost: 200. Add this currency to gold_cost_table.py if the actual cost is known.
2026-05-29 17:44:19,338 [WARNING] backend.economy.gold_cost_table: Unknown currency api_id 'uncut-spirit-gem-12' (normalized: 'uncut_spirit_gem_12'). Using fallback gold cost: 200. Add this currency to gold_cost_table.py if the actual cost is known.
2026-05-29 17:44:19,338 [WARNING] backend.economy.gold_cost_table: Unknown currency api_id 'uncut-skill-gem-18' (normalized: 'uncut_skill_gem_18'). Using fallback gold cost: 200. Add this currency to gold_cost_table.py if the actual cost is known.
2026-05-29 17:44:19,338 [WARNING] backend.economy.gold_cost_table: Unknown currency api_id 'uncut-skill-gem-5' (normalized: 'uncut_skill_gem_5'). Using fallback gold cost: 200. Add this currency to gold_cost_table.py if the actual cost is known.
2026-05-29 17:44:19,338 [WARNING] backend.economy.gold_cost_table: Unknown currency api_id 'uncut-skill-gem-12' (normalized: 'uncut_skill_gem_12'). Using fallback gold cost: 200. Add this currency to gold_cost_table.py if the actual cost is known.
2026-05-29 17:44:19,338 [WARNING] backend.economy.gold_cost_table: Unknown currency api_id 'uncut-spirit-gem-18' (normalized: 'uncut_spirit_gem_18'). Using fallback gold cost: 200. Add this currency to gold_cost_table.py if the actual cost is known.
2026-05-29 17:44:19,338 [WARNING] backend.economy.gold_cost_table: Unknown currency api_id 'uncut-skill-gem-19' (normalized: 'uncut_skill_gem_19'). Using fallback gold cost: 200. Add this currency to gold_cost_table.py if the actual cost is known.
2026-05-29 17:44:19,338 [WARNING] backend.economy.gold_cost_table: Unknown currency api_id 'uncut-spirit-gem-19' (normalized: 'uncut_spirit_gem_19'). Using fallback gold cost: 200. Add this currency to gold_cost_table.py if the actual cost is known.
2026-05-29 17:44:19,338 [WARNING] backend.economy.gold_cost_table: Unknown currency api_id 'uncut-skill-gem-11' (normalized: 'uncut_skill_gem_11'). Using fallback gold cost: 200. Add this currency to gold_cost_table.py if the actual cost is known.
2026-05-29 17:44:19,338 [WARNING] backend.economy.gold_cost_table: Unknown currency api_id 'uncut-skill-gem-14' (normalized: 'uncut_skill_gem_14'). Using fallback gold cost: 200. Add this currency to gold_cost_table.py if the actual cost is known.
2026-05-29 17:44:19,338 [WARNING] backend.economy.gold_cost_table: Unknown currency api_id 'uncut-support-gem-3' (normalized: 'uncut_support_gem_3'). Using fallback gold cost: 200. Add this currency to gold_cost_table.py if the actual cost is known.
2026-05-29 17:44:19,338 [WARNING] backend.economy.gold_cost_table: Unknown currency api_id 'uncut-skill-gem-17' (normalized: 'uncut_skill_gem_17'). Using fallback gold cost: 200. Add this currency to gold_cost_table.py if the actual cost is known.
2026-05-29 17:44:19,338 [WARNING] backend.economy.gold_cost_table: Unknown currency api_id 'uncut-skill-gem-13' (normalized: 'uncut_skill_gem_13'). Using fallback gold cost: 200. Add this currency to gold_cost_table.py if the actual cost is known.
2026-05-29 17:44:19,338 [WARNING] backend.economy.gold_cost_table: Unknown currency api_id 'uncut-support-gem-1' (normalized: 'uncut_support_gem_1'). Using fallback gold cost: 200. Add this currency to gold_cost_table.py if the actual cost is known.
2026-05-29 17:44:19,338 [WARNING] backend.economy.gold_cost_table: Unknown currency api_id 'concentrated-liquid-isolation' (normalized: 'concentrated_liquid_isolation'). Using fallback gold cost: 200. Add this currency to gold_cost_table.py if the actual cost is known.
2026-05-29 17:44:19,338 [WARNING] backend.economy.gold_cost_table: Unknown currency api_id 'concentrated-liquid-suffering' (normalized: 'concentrated_liquid_suffering'). Using fallback gold cost: 200. Add this currency to gold_cost_table.py if the actual cost is known.
2026-05-29 17:44:19,338 [WARNING] backend.economy.gold_cost_table: Unknown currency api_id 'concentrated-liquid-fear' (normalized: 'concentrated_liquid_fear'). Using fallback gold cost: 200. Add this currency to gold_cost_table.py if the actual cost is known.
2026-05-29 17:44:19,338 [WARNING] backend.economy.gold_cost_table: Unknown currency api_id 'liquid-despair' (normalized: 'liquid_despair'). Using fallback gold cost: 200. Add this currency to gold_cost_table.py if the actual cost is known.
2026-05-29 17:44:19,338 [WARNING] backend.economy.gold_cost_table: Unknown currency api_id 'liquid-disgust' (normalized: 'liquid_disgust'). Using fallback gold cost: 200. Add this currency to gold_cost_table.py if the actual cost is known.
2026-05-29 17:44:19,338 [WARNING] backend.economy.gold_cost_table: Unknown currency api_id 'diluted-liquid-greed' (normalized: 'diluted_liquid_greed'). Using fallback gold cost: 200. Add this currency to gold_cost_table.py if the actual cost is known.
2026-05-29 17:44:19,338 [WARNING] backend.economy.gold_cost_table: Unknown currency api_id 'liquid-paranoia' (normalized: 'liquid_paranoia'). Using fallback gold cost: 200. Add this currency to gold_cost_table.py if the actual cost is known.
2026-05-29 17:44:19,338 [WARNING] backend.economy.gold_cost_table: Unknown currency api_id 'liquid-envy' (normalized: 'liquid_envy'). Using fallback gold cost: 200. Add this currency to gold_cost_table.py if the actual cost is known.
2026-05-29 17:44:19,339 [WARNING] backend.economy.gold_cost_table: Unknown currency api_id 'diluted-liquid-guilt' (normalized: 'diluted_liquid_guilt'). Using fallback gold cost: 200. Add this currency to gold_cost_table.py if the actual cost is known.
2026-05-29 17:44:19,339 [WARNING] backend.economy.gold_cost_table: Unknown currency api_id 'diluted-liquid-ire' (normalized: 'diluted_liquid_ire'). Using fallback gold cost: 200. Add this currency to gold_cost_table.py if the actual cost is known.
2026-05-29 17:44:19,339 [WARNING] backend.economy.gold_cost_table: Unknown currency api_id 'quipolatls-thesis' (normalized: 'quipolatls_thesis'). Using fallback gold cost: 200. Add this currency to gold_cost_table.py if the actual cost is known.
2026-05-29 17:44:19,339 [WARNING] backend.economy.gold_cost_table: Unknown currency api_id 'jiquanis-thesis' (normalized: 'jiquanis_thesis'). Using fallback gold cost: 200. Add this currency to gold_cost_table.py if the actual cost is known.
2026-05-29 17:44:19,339 [WARNING] backend.economy.gold_cost_table: Unknown currency api_id 'guatelitzis-thesis' (normalized: 'guatelitzis_thesis'). Using fallback gold cost: 200. Add this currency to gold_cost_table.py if the actual cost is known.
2026-05-29 17:44:19,339 [WARNING] backend.economy.gold_cost_table: Unknown currency api_id 'crystallised-corruption' (normalized: 'crystallised_corruption'). Using fallback gold cost: 200. Add this currency to gold_cost_table.py if the actual cost is known.
2026-05-29 17:44:19,339 [WARNING] backend.economy.gold_cost_table: Unknown currency api_id 'orb-of-extraction' (normalized: 'orb_of_extraction'). Using fallback gold cost: 200. Add this currency to gold_cost_table.py if the actual cost is known.
2026-05-29 17:44:19,339 [WARNING] backend.economy.gold_cost_table: Unknown currency api_id 'ancient-infuser' (normalized: 'ancient_infuser'). Using fallback gold cost: 200. Add this currency to gold_cost_table.py if the actual cost is known.
2026-05-29 17:44:19,339 [WARNING] backend.economy.gold_cost_table: Unknown currency api_id 'vaal-cultivation-orb' (normalized: 'vaal_cultivation_orb'). Using fallback gold cost: 200. Add this currency to gold_cost_table.py if the actual cost is known.
2026-05-29 17:44:19,339 [WARNING] backend.economy.gold_cost_table: Unknown currency api_id 'citaqualotls-thesis' (normalized: 'citaqualotls_thesis'). Using fallback gold cost: 200. Add this currency to gold_cost_table.py if the actual cost is known.
2026-05-29 17:44:19,339 [WARNING] backend.economy.gold_cost_table: Unknown currency api_id 'vaal-infuser' (normalized: 'vaal_infuser'). Using fallback gold cost: 200. Add this currency to gold_cost_table.py if the actual cost is known.
2026-05-29 17:44:19,339 [WARNING] backend.economy.gold_cost_table: Unknown currency api_id 'architects-orb' (normalized: 'architects_orb'). Using fallback gold cost: 200. Add this currency to gold_cost_table.py if the actual cost is known.
2026-05-29 17:44:19,339 [WARNING] backend.economy.gold_cost_table: Unknown currency api_id 'core-destabiliser' (normalized: 'core_destabiliser'). Using fallback gold cost: 200. Add this currency to gold_cost_table.py if the actual cost is known.
2026-05-29 17:44:19,339 [WARNING] backend.economy.gold_cost_table: Unknown currency api_id 'vaal-siphoner' (normalized: 'vaal_siphoner'). Using fallback gold cost: 200. Add this currency to gold_cost_table.py if the actual cost is known.
INFO:     127.0.0.1:53630 - "GET /api/recipes HTTP/1.1" 200 OK
2026-05-29 17:44:35,617 [WARNING] backend.data.pipeline_cache: DEGRADED: pipeline cache stale for key=flip_opportunities (age=454s > ttl=300s)
2026-05-29 17:44:35,633 [INFO] backend.api.routes_arbitrage: Clustering completed: 43 currencies assigned
2026-05-29 17:44:35,633 [WARNING] backend.economy.gold_cost_table: Unknown currency api_id 'greater-chaos-orb' (normalized: 'greater_chaos_orb'). Using fallback gold cost: 200. Add this currency to gold_cost_table.py if the actual cost is known.
2026-05-29 17:44:35,634 [WARNING] backend.economy.gold_cost_table: Unknown currency api_id 'greater-chaos-orb' (normalized: 'greater_chaos_orb'). Using fallback gold cost: 200. Add this currency to gold_cost_table.py if the actual cost is known.
2026-05-29 17:44:35,634 [WARNING] backend.economy.gold_cost_table: Unknown currency api_id 'perfect-regal-orb' (normalized: 'perfect_regal_orb'). Using fallback gold cost: 200. Add this currency to gold_cost_table.py if the actual cost is known.
2026-05-29 17:44:35,634 [WARNING] backend.economy.gold_cost_table: Unknown currency api_id 'perfect-regal-orb' (normalized: 'perfect_regal_orb'). Using fallback gold cost: 200. Add this currency to gold_cost_table.py if the actual cost is known.
2026-05-29 17:44:35,634 [WARNING] backend.economy.gold_cost_table: Unknown currency api_id 'fracturing-orb' (normalized: 'fracturing_orb'). Using fallback gold cost: 200. Add this currency to gold_cost_table.py if the actual cost is known.
2026-05-29 17:44:35,634 [WARNING] backend.economy.gold_cost_table: Unknown currency api_id 'fracturing-orb' (normalized: 'fracturing_orb'). Using fallback gold cost: 200. Add this currency to gold_cost_table.py if the actual cost is known.
2026-05-29 17:44:35,635 [WARNING] backend.economy.gold_cost_table: Unknown currency api_id 'perfect-exalted-orb' (normalized: 'perfect_exalted_orb'). Using fallback gold cost: 200. Add this currency to gold_cost_table.py if the actual cost is known.
2026-05-29 17:44:35,635 [WARNING] backend.economy.gold_cost_table: Unknown currency api_id 'perfect-exalted-orb' (normalized: 'perfect_exalted_orb'). Using fallback gold cost: 200. Add this currency to gold_cost_table.py if the actual cost is known.
2026-05-29 17:44:35,635 [WARNING] backend.economy.gold_cost_table: Unknown currency api_id 'scrap' (normalized: 'scrap'). Using fallback gold cost: 200. Add this currency to gold_cost_table.py if the actual cost is known.
2026-05-29 17:44:35,635 [WARNING] backend.economy.gold_cost_table: Unknown currency api_id 'scrap' (normalized: 'scrap'). Using fallback gold cost: 200. Add this currency to gold_cost_table.py if the actual cost is known.
2026-05-29 17:44:35,635 [WARNING] backend.economy.gold_cost_table: Unknown currency api_id 'breach-splinter' (normalized: 'breach_splinter'). Using fallback gold cost: 200. Add this currency to gold_cost_table.py if the actual cost is known.
2026-05-29 17:44:35,635 [WARNING] backend.economy.gold_cost_table: Unknown currency api_id 'breach-splinter' (normalized: 'breach_splinter'). Using fallback gold cost: 200. Add this currency to gold_cost_table.py if the actual cost is known.
2026-05-29 17:44:35,635 [WARNING] backend.economy.gold_cost_table: Unknown currency api_id 'essence-of-abyss' (normalized: 'essence_of_abyss'). Using fallback gold cost: 200. Add this currency to gold_cost_table.py if the actual cost is known.
2026-05-29 17:44:35,635 [WARNING] backend.economy.gold_cost_table: Unknown currency api_id 'essence-of-abyss' (normalized: 'essence_of_abyss'). Using fallback gold cost: 200. Add this currency to gold_cost_table.py if the actual cost is known.
2026-05-29 17:44:35,635 [WARNING] backend.economy.gold_cost_table: Unknown currency api_id 'omen-of-dextral-exaltation' (normalized: 'omen_of_dextral_exaltation'). Using fallback gold cost: 200. Add this currency to gold_cost_table.py if the actual cost is known.
2026-05-29 17:44:35,635 [WARNING] backend.economy.gold_cost_table: Unknown currency api_id 'omen-of-dextral-exaltation' (normalized: 'omen_of_dextral_exaltation'). Using fallback gold cost: 200. Add this currency to gold_cost_table.py if the actual cost is known.
2026-05-29 17:44:35,636 [WARNING] backend.economy.gold_cost_table: Unknown currency api_id 'omen-of-corruption' (normalized: 'omen_of_corruption'). Using fallback gold cost: 200. Add this currency to gold_cost_table.py if the actual cost is known.
2026-05-29 17:44:35,636 [WARNING] backend.economy.gold_cost_table: Unknown currency api_id 'omen-of-corruption' (normalized: 'omen_of_corruption'). Using fallback gold cost: 200. Add this currency to gold_cost_table.py if the actual cost is known.
2026-05-29 17:44:35,636 [WARNING] backend.economy.gold_cost_table: Unknown currency api_id 'omen-of-corruption' (normalized: 'omen_of_corruption'). Using fallback gold cost: 200. Add this currency to gold_cost_table.py if the actual cost is known.
2026-05-29 17:44:35,636 [WARNING] backend.economy.gold_cost_table: Unknown currency api_id 'omen-of-corruption' (normalized: 'omen_of_corruption'). Using fallback gold cost: 200. Add this currency to gold_cost_table.py if the actual cost is known.
2026-05-29 17:44:35,636 [WARNING] backend.economy.gold_cost_table: Unknown currency api_id 'omen-of-recombination' (normalized: 'omen_of_recombination'). Using fallback gold cost: 200. Add this currency to gold_cost_table.py if the actual cost is known.
2026-05-29 17:44:35,636 [WARNING] backend.economy.gold_cost_table: Unknown currency api_id 'omen-of-recombination' (normalized: 'omen_of_recombination'). Using fallback gold cost: 200. Add this currency to gold_cost_table.py if the actual cost is known.
2026-05-29 17:44:35,636 [WARNING] backend.economy.gold_cost_table: Unknown currency api_id 'omen-of-chaotic-rarity' (normalized: 'omen_of_chaotic_rarity'). Using fallback gold cost: 200. Add this currency to gold_cost_table.py if the actual cost is known.
2026-05-29 17:44:35,636 [WARNING] backend.economy.gold_cost_table: Unknown currency api_id 'omen-of-chaotic-rarity' (normalized: 'omen_of_chaotic_rarity'). Using fallback gold cost: 200. Add this currency to gold_cost_table.py if the actual cost is known.
2026-05-29 17:44:35,636 [WARNING] backend.economy.gold_cost_table: Unknown currency api_id 'preserved-collarbone' (normalized: 'preserved_collarbone'). Using fallback gold cost: 200. Add this currency to gold_cost_table.py if the actual cost is known.
2026-05-29 17:44:35,636 [WARNING] backend.economy.gold_cost_table: Unknown currency api_id 'preserved-collarbone' (normalized: 'preserved_collarbone'). Using fallback gold cost: 200. Add this currency to gold_cost_table.py if the actual cost is known.
2026-05-29 17:44:35,637 [WARNING] backend.economy.gold_cost_table: Unknown currency api_id 'diluted-liquid-guilt' (normalized: 'diluted_liquid_guilt'). Using fallback gold cost: 200. Add this currency to gold_cost_table.py if the actual cost is known.
2026-05-29 17:44:35,637 [WARNING] backend.economy.gold_cost_table: Unknown currency api_id 'diluted-liquid-guilt' (normalized: 'diluted_liquid_guilt'). Using fallback gold cost: 200. Add this currency to gold_cost_table.py if the actual cost is known.
2026-05-29 17:44:35,637 [WARNING] backend.economy.gold_cost_table: Unknown currency api_id 'vaal-cultivation-orb' (normalized: 'vaal_cultivation_orb'). Using fallback gold cost: 200. Add this currency to gold_cost_table.py if the actual cost is known.
2026-05-29 17:44:35,637 [WARNING] backend.economy.gold_cost_table: Unknown currency api_id 'vaal-cultivation-orb' (normalized: 'vaal_cultivation_orb'). Using fallback gold cost: 200. Add this currency to gold_cost_table.py if the actual cost is known.
2026-05-29 17:44:35,637 [WARNING] backend.economy.gold_cost_table: Unknown currency api_id 'secondary-calamity-fragment' (normalized: 'secondary_calamity_fragment'). Using fallback gold cost: 200. Add this currency to gold_cost_table.py if the actual cost is known.
2026-05-29 17:44:35,637 [WARNING] backend.economy.gold_cost_table: Unknown currency api_id 'secondary-calamity-fragment' (normalized: 'secondary_calamity_fragment'). Using fallback gold cost: 200. Add this currency to gold_cost_table.py if the actual cost is known.
2026-05-29 17:44:35,637 [WARNING] backend.economy.gold_cost_table: Unknown currency api_id 'saqawals-rune-of-the-sky' (normalized: 'saqawals_rune_of_the_sky'). Using fallback gold cost: 200. Add this currency to gold_cost_table.py if the actual cost is known.
2026-05-29 17:44:35,637 [WARNING] backend.economy.gold_cost_table: Unknown currency api_id 'saqawals-rune-of-the-sky' (normalized: 'saqawals_rune_of_the_sky'). Using fallback gold cost: 200. Add this currency to gold_cost_table.py if the actual cost is known.
2026-05-29 17:44:35,638 [WARNING] backend.economy.gold_cost_table: Unknown currency api_id 'greater-essence-of-flames' (normalized: 'greater_essence_of_flames'). Using fallback gold cost: 200. Add this currency to gold_cost_table.py if the actual cost is known.
2026-05-29 17:44:35,638 [WARNING] backend.economy.gold_cost_table: Unknown currency api_id 'greater-essence-of-flames' (normalized: 'greater_essence_of_flames'). Using fallback gold cost: 200. Add this currency to gold_cost_table.py if the actual cost is known.
2026-05-29 17:44:35,638 [WARNING] backend.economy.gold_cost_table: Unknown currency api_id 'soul-core-of-tacati' (normalized: 'soul_core_of_tacati'). Using fallback gold cost: 200. Add this currency to gold_cost_table.py if the actual cost is known.
2026-05-29 17:44:35,638 [WARNING] backend.economy.gold_cost_table: Unknown currency api_id 'soul-core-of-tacati' (normalized: 'soul_core_of_tacati'). Using fallback gold cost: 200. Add this currency to gold_cost_table.py if the actual cost is known.
2026-05-29 17:44:35,638 [WARNING] backend.economy.gold_cost_table: Unknown currency api_id 'soul-core-of-citaqualotl' (normalized: 'soul_core_of_citaqualotl'). Using fallback gold cost: 200. Add this currency to gold_cost_table.py if the actual cost is known.
2026-05-29 17:44:35,638 [WARNING] backend.economy.gold_cost_table: Unknown currency api_id 'soul-core-of-citaqualotl' (normalized: 'soul_core_of_citaqualotl'). Using fallback gold cost: 200. Add this currency to gold_cost_table.py if the actual cost is known.
2026-05-29 17:44:35,638 [WARNING] backend.economy.gold_cost_table: Unknown currency api_id 'omen-of-abyssal-favours' (normalized: 'omen_of_abyssal_favours'). Using fallback gold cost: 200. Add this currency to gold_cost_table.py if the actual cost is known.
2026-05-29 17:44:35,638 [WARNING] backend.economy.gold_cost_table: Unknown currency api_id 'omen-of-abyssal-favours' (normalized: 'omen_of_abyssal_favours'). Using fallback gold cost: 200. Add this currency to gold_cost_table.py if the actual cost is known.
2026-05-29 17:44:35,638 [WARNING] backend.economy.gold_cost_table: Unknown currency api_id 'omen-of-sinistral-exaltation' (normalized: 'omen_of_sinistral_exaltation'). Using fallback gold cost: 200. Add this currency to gold_cost_table.py if the actual cost is known.
2026-05-29 17:44:35,638 [WARNING] backend.economy.gold_cost_table: Unknown currency api_id 'omen-of-sinistral-exaltation' (normalized: 'omen_of_sinistral_exaltation'). Using fallback gold cost: 200. Add this currency to gold_cost_table.py if the actual cost is known.
2026-05-29 17:44:35,639 [WARNING] backend.economy.gold_cost_table: Unknown currency api_id 'petition-splinter' (normalized: 'petition_splinter'). Using fallback gold cost: 200. Add this currency to gold_cost_table.py if the actual cost is known.
2026-05-29 17:44:35,639 [WARNING] backend.economy.gold_cost_table: Unknown currency api_id 'petition-splinter' (normalized: 'petition_splinter'). Using fallback gold cost: 200. Add this currency to gold_cost_table.py if the actual cost is known.
2026-05-29 17:44:35,639 [WARNING] backend.economy.gold_cost_table: Unknown currency api_id 'omen-of-reinforcements' (normalized: 'omen_of_reinforcements'). Using fallback gold cost: 200. Add this currency to gold_cost_table.py if the actual cost is known.
2026-05-29 17:44:35,639 [WARNING] backend.economy.gold_cost_table: Unknown currency api_id 'omen-of-reinforcements' (normalized: 'omen_of_reinforcements'). Using fallback gold cost: 200. Add this currency to gold_cost_table.py if the actual cost is known.
2026-05-29 17:44:35,639 [WARNING] backend.economy.gold_cost_table: Unknown currency api_id 'omen-of-greater-exaltation' (normalized: 'omen_of_greater_exaltation'). Using fallback gold cost: 200. Add this currency to gold_cost_table.py if the actual cost is known.
2026-05-29 17:44:35,639 [WARNING] backend.economy.gold_cost_table: Unknown currency api_id 'omen-of-greater-exaltation' (normalized: 'omen_of_greater_exaltation'). Using fallback gold cost: 200. Add this currency to gold_cost_table.py if the actual cost is known.
2026-05-29 17:44:35,639 [WARNING] backend.economy.gold_cost_table: Unknown currency api_id 'adaptive-catalyst' (normalized: 'adaptive_catalyst'). Using fallback gold cost: 200. Add this currency to gold_cost_table.py if the actual cost is known.
2026-05-29 17:44:35,639 [WARNING] backend.economy.gold_cost_table: Unknown currency api_id 'adaptive-catalyst' (normalized: 'adaptive_catalyst'). Using fallback gold cost: 200. Add this currency to gold_cost_table.py if the actual cost is known.
2026-05-29 17:44:35,639 [WARNING] backend.economy.gold_cost_table: Unknown currency api_id 'tecrods-gaze' (normalized: 'tecrods_gaze'). Using fallback gold cost: 200. Add this currency to gold_cost_table.py if the actual cost is known.
2026-05-29 17:44:35,639 [WARNING] backend.economy.gold_cost_table: Unknown currency api_id 'tecrods-gaze' (normalized: 'tecrods_gaze'). Using fallback gold cost: 200. Add this currency to gold_cost_table.py if the actual cost is known.
2026-05-29 17:44:35,639 [WARNING] backend.economy.gold_cost_table: Unknown currency api_id 'uncut-spirit-gem-19' (normalized: 'uncut_spirit_gem_19'). Using fallback gold cost: 200. Add this currency to gold_cost_table.py if the actual cost is known.
2026-05-29 17:44:35,640 [WARNING] backend.economy.gold_cost_table: Unknown currency api_id 'uncut-spirit-gem-19' (normalized: 'uncut_spirit_gem_19'). Using fallback gold cost: 200. Add this currency to gold_cost_table.py if the actual cost is known.
2026-05-29 17:44:35,640 [WARNING] backend.economy.gold_cost_table: Unknown currency api_id 'garukhans-resolve' (normalized: 'garukhans_resolve'). Using fallback gold cost: 200. Add this currency to gold_cost_table.py if the actual cost is known.
2026-05-29 17:44:35,640 [WARNING] backend.economy.gold_cost_table: Unknown currency api_id 'garukhans-resolve' (normalized: 'garukhans_resolve'). Using fallback gold cost: 200. Add this currency to gold_cost_table.py if the actual cost is known.
2026-05-29 17:44:35,640 [WARNING] backend.economy.gold_cost_table: Unknown currency api_id 'diluted-liquid-ire' (normalized: 'diluted_liquid_ire'). Using fallback gold cost: 200. Add this currency to gold_cost_table.py if the actual cost is known.
2026-05-29 17:44:35,640 [WARNING] backend.economy.gold_cost_table: Unknown currency api_id 'diluted-liquid-ire' (normalized: 'diluted_liquid_ire'). Using fallback gold cost: 200. Add this currency to gold_cost_table.py if the actual cost is known.
INFO:     127.0.0.1:58442 - "GET /api/arbitrage/flips?min_score=0&min_volume=0 HTTP/1.1" 200 OK
INFO:     127.0.0.1:57115 - "GET /api/health HTTP/1.1" 200 OK
INFO:     127.0.0.1:57115 - "GET /api/events?active_only=true HTTP/1.1" 200 OK
INFO:     127.0.0.1:63508 - "GET /api/phase HTTP/1.1" 200 OK
2026-05-29 17:44:50,813 [WARNING] backend.economy.gold_cost_table: Unknown currency api_id 'scrap' (normalized: 'scrap'). Using fallback gold cost: 200. Add this currency to gold_cost_table.py if the actual cost is known.
INFO:     127.0.0.1:63508 - "GET /api/storage-value/scrap HTTP/1.1" 200 OK
INFO:     127.0.0.1:49812 - "GET /api/arbitrage/flips?min_score=0&min_volume=0 HTTP/1.1" 200 OK
INFO:     127.0.0.1:49814 - "GET /api/arbitrage/triangular HTTP/1.1" 200 OK
INFO:     127.0.0.1:61922 - "GET /api/health HTTP/1.1" 200 OK
INFO:     127.0.0.1:61924 - "GET /api/events?active_only=true HTTP/1.1" 200 OK
INFO:     127.0.0.1:52544 - "GET /api/health HTTP/1.1" 200 OK
INFO:     127.0.0.1:52544 - "GET /api/events?active_only=true HTTP/1.1" 200 OK
INFO:     127.0.0.1:52933 - "GET /api/phase HTTP/1.1" 200 OK
INFO:     127.0.0.1:61153 - "GET /api/health HTTP/1.1" 200 OK
INFO:     127.0.0.1:61153 - "GET /api/events?active_only=true HTTP/1.1" 200 OK
INFO:     127.0.0.1:61153 - "GET /api/phase HTTP/1.1" 200 OK
INFO:     127.0.0.1:60967 - "GET /api/events?active_only=true HTTP/1.1" 200 OK
INFO:     127.0.0.1:60969 - "GET /api/health HTTP/1.1" 200 OK
INFO:     127.0.0.1:58465 - "GET /api/prices/heatmap HTTP/1.1" 200 OK
